"Name";"Surname";"Subject";"Note";"Behaviour"
"Name 1";"Surname 1";"Subject 1";"Note 1";"None"
;;"Subject 2";"Note 2";
;;"Subject 3";"Note 3";
;;"Subject 4";"Note 4";
"Name 2";"Surname 2";"Subject 5";"Note 5";"Bad"
;;"Subject 6";"Note 6";
;;"Subject 7";"Note 7";
;;"Subject 8";"Note 8";
;;"Subject 9";"Note 9";
"Name 3";"Surname 3";"Subject 10";"Note 10";
;;"Subject 11";"Note 11";
;;"Subject 12";"Note 12";
;;"Subject 13";"Note 13";
;;"Subject 14";"Note 14";
"Name 4";"Surname 4";"Subject 15";"Note 15";"Excellent"
;;"Subject 16";"Note 16";
;;"Subject 17";"Note 17";
;;"Subject 18";"Note 18";
;;"Subject 19";"Note 19";
;;"Subject 20";"Note 20";
;;"Subject 21";"Note 21";
;;"Subject 22";"Note 22";
;;"Subject 23";"Note 23";
;;"Subject 24";"Note 24";
;;"Subject 25";"Note 25";
;;"Subject 26";"Note 26";
"Name 5";"Surname 5";"Subject 27";"Note 27";
;;"Subject 28";"Note 28";
;;"Subject 29";"Note 29";
;;"Subject 30";"Note 30";
;;"Subject 31";"Note 31";
;;"Subject 32";"Note 32";
"Name 6";"Surname 6";"Subject 33";"Note 33";"Good"
;;"Subject 34";"Note 34";
;;"Subject 35";"Note 35";
;;"Subject 36";"Note 36";
;;"Subject 37";"Note 37";
;;"Subject 38";"Note 38";
