porcis,kod,pripona,nazevDUM,forma,vytvoreno,overeno,trida,predmet,tematickaoblast,rocnik,tvurce,filename,PR,TO,Nic
1,VY_32_INOVACE_CJ0101,pdf,Frazeologie,bude upřesněno,bude upřesněno,28.4.2014,G 3. A,Český jazyk a literatura,Český jazyk a literatura pro nižší gymnázium,NG3,Mgr. Karla Paclíková,,1,1,
2,VY_32_INOVACE_CJ0102,pdf,Tvarosloví – duálové tvary,bude upřesněno,bude upřesněno,23.5.2014,G 1. A,Český jazyk a literatura,Český jazyk a literatura pro nižší gymnázium,NG1,Mgr. Karla Paclíková,,,,
3,VY_32_INOVACE_CJ0103,pdf,Co nám uvízlo – opakování,bude upřesněno,bude upřesněno,4.9.2013,G 3. A,Český jazyk a literatura,Český jazyk a literatura pro nižší gymnázium,NG3,Mgr. Karla Paclíková,,,,
4,VY_32_INOVACE_CJ0104,pdf,Dopis,bude upřesněno,bude upřesněno,17.6.2014,G 2. A,Český jazyk a literatura,Český jazyk a literatura pro nižší gymnázium,NG2,Mgr. Karla Paclíková,,,,
5,VY_32_INOVACE_CJ0105,pdf,"Bajka, alegorie",bude upřesněno,bude upřesněno,27.5.2014,G 1. A,Český jazyk a literatura,Český jazyk a literatura pro nižší gymnázium,NG1,Mgr. Karla Paclíková,,,,
6,VY_32_INOVACE_CJ0106,pdf,Charakteristika – jazykové prostředky,bude upřesněno,bude upřesněno,2.4.2014,G 3. A,Český jazyk a literatura,Český jazyk a literatura pro nižší gymnázium,NG3,Mgr. Karla Paclíková,,,,
7,VY_32_INOVACE_CJ0107,pdf,Bible jako knihovna,bude upřesněno,bude upřesněno,26.3.2014,G 3. A,Český jazyk a literatura,Český jazyk a literatura pro nižší gymnázium,NG3,Mgr. Karla Paclíková,,,,
8,VY_32_INOVACE_CJ0108,pdf,J. A. Komenský - křížovka,bude upřesněno,bude upřesněno,16.6.2014,G 3. A,Český jazyk a literatura,Český jazyk a literatura pro nižší gymnázium,NG3,Mgr. Karla Paclíková,,,,
9,VY_32_INOVACE_CJ0109,pdf,Literární druhy – pracovní list,dokument Word,30.11.2012,19.10.2012,G 1. A,Český jazyk a literatura,Český jazyk a literatura pro nižší gymnázium,NG1,Mgr. Radka Strašilová,,,,
10,VY_32_INOVACE_CJ0110,pdf,Literární druhy - doplňovačka,dokument Word,30.11.2012,5.10.2012,G 1. A,Český jazyk a literatura,Český jazyk a literatura pro nižší gymnázium,NG1,Mgr. Radka Strašilová,,,,
11,VY_32_INOVACE_CJ0111,pdf,"Verš, strofa, rým, rytmus",dokument Word,31.1.2013,2.11.2012,G 1. A,Český jazyk a literatura,Český jazyk a literatura pro nižší gymnázium,NG1,Mgr. Radka Strašilová,,,,
12,VY_32_INOVACE_CJ0112,pdf,"Literární druhy, verš, strofa, rým - opakování",dokument Word,28.2.2013,18.1.2013,G 1. A,Český jazyk a literatura,Český jazyk a literatura pro nižší gymnázium,NG1,Mgr. Radka Strašilová,,,,
13,VY_32_INOVACE_CJ0113,pdf,Přídavná jména – Červená karkulka,dokument Word,31.1.2013,21.1.2013,G 1. A,Český jazyk a literatura,Český jazyk a literatura pro nižší gymnázium,NG1,Mgr. Radka Strašilová,,,,
14,VY_32_INOVACE_CJ0114,pdf,Bingo – grafický rozbor vět,bude upřesněno,31.3.2013,10.12.2013,G 3. A,Český jazyk a literatura,Český jazyk a literatura pro nižší gymnázium,NG3,Mgr. Radka Strašilová,,,,
15,VY_32_INOVACE_CJ0115,pdf,Popis obrazu,prezentace,30.4.2014,10.2.2014,G 2. A,Český jazyk a literatura,Český jazyk a literatura pro nižší gymnázium,NG2,Mgr. Radka Strašilová,,,,
16,VY_32_INOVACE_CJ0116,pdf,Subjektivně zabarvený popis,bude upřesněno,31.5.2013,11.2.2014,G 3. A,Český jazyk a literatura,Český jazyk a literatura pro nižší gymnázium,NG3,Mgr. Radka Strašilová,,,,
17,VY_32_INOVACE_CJ0117,pdf,Nauka o významu slov,dokument Word,31.1.2013,21.2.2014,G 2. A,Český jazyk a literatura,Český jazyk a literatura pro nižší gymnázium,NG2,Mgr. Radka Strašilová,,,,
18,VY_32_INOVACE_CJ0118,pdf,"Lidová slovesnost, pověst",dokument Word,bude upřesněno,4.12.2013,G 2. A,Český jazyk a literatura,Český jazyk a literatura pro nižší gymnázium,NG2,Mgr. Radka Strašilová,,,,
19,VY_32_INOVACE_CJ0119,pdf,Domino – slovesný rod,dokument Word,bude upřesněno,6.5.2014,G 2. A,Český jazyk a literatura,Český jazyk a literatura pro nižší gymnázium,NG2,Mgr. Radka Strašilová,,,,
20,VY_32_INOVACE_CJ0120,pdf,Domino – slovesný vid,dokument Word,bude upřesněno,6.5.2014,G 3. A,Český jazyk a literatura,Český jazyk a literatura pro nižší gymnázium,NG3,Mgr. Radka Strašilová,,,0,
1,VY_32_INOVACE_CJ0201,pdf,Útvary publicistického stylu,bude upřesněno,bude upřesněno,7.11.2012,6. A,Český jazyk a literatura,"Jazyk, komunikace a sloh pro vyšší gymnázium",VG2,Mgr. Karla Paclíková,,,1,
2,VY_32_INOVACE_CJ0202,pdf,Dopis,bude upřesněno,bude upřesněno,10.6.2013,5. A,Český jazyk a literatura,"Jazyk, komunikace a sloh pro vyšší gymnázium",VG1,Mgr. Karla Paclíková,,,,
3,VY_32_INOVACE_CJ0203,pdf,Líčení,bude upřesněno,bude upřesněno,3.6.2014,7. A,Český jazyk a literatura,"Jazyk, komunikace a sloh pro vyšší gymnázium",VG3,Mgr. Karla Paclíková,,,,
4,VY_32_INOVACE_CJ0204,pdf,Charakteristika - stylistické a jazykové cvičení,dokument Word,bude upřesněno,28.5.2014,7. A,Český jazyk a literatura,"Jazyk, komunikace a sloh pro vyšší gymnázium",VG3,Mgr. Radka Strašilová,,,,
5,VY_32_INOVACE_CJ0205,pdf,Úvaha - stylistické a jazykové cvičení,dokument Word,bude upřesněno,28.5.2014,7. A,Český jazyk a literatura,"Jazyk, komunikace a sloh pro vyšší gymnázium",VG3,Mgr. Radka Strašilová,,,,
6,VY_32_INOVACE_CJ0206,pdf,Publicistické útvary - stylistické a jazykové cvičení,dokument Word,bude upřesněno,26.2.2014,6. A,Český jazyk a literatura,"Jazyk, komunikace a sloh pro vyšší gymnázium",VG2,Mgr. Radka Strašilová,,,,
7,VY_32_INOVACE_CJ0207,pdf,Životopis - stylistické a jazykové cvičení,dokument Word,bude upřesněno,31.3.2014,6. A,Český jazyk a literatura,"Jazyk, komunikace a sloh pro vyšší gymnázium",VG2,Mgr. Radka Strašilová,,,,
8,VY_32_INOVACE_CJ0208,pptx,Slovní druhy,bude upřesněno,bude upřesněno,8.4.2013,6. A,Český jazyk a literatura,"Jazyk, komunikace a sloh pro vyšší gymnázium",VG3,Mgr. Karla Paclíková,,,,
9,VY_32_INOVACE_CJ0209,pptx,Valenční syntax,bude upřesněno,bude upřesněno,17.1.2014,7. A,Český jazyk a literatura,"Jazyk, komunikace a sloh pro vyšší gymnázium",VG3,Mgr. Karla Paclíková,,,,
10,VY_32_INOVACE_CJ0210,pptx,Zvláštnosti větné stavby,bude upřesněno,bude upřesněno,11.12.2013,7. A,Český jazyk a literatura,"Jazyk, komunikace a sloh pro vyšší gymnázium",VG3,Mgr. Karla Paclíková,,,,
11,VY_32_INOVACE_CJ0211,pptx,Vývoj pravopisu,bude upřesněno,bude upřesněno,25.2.2014,7. A,Český jazyk a literatura,"Jazyk, komunikace a sloh pro vyšší gymnázium",VG3,Mgr. Karla Paclíková,,,,
12,VY_32_INOVACE_CJ0212,pptx,Skladební vztahy - významové,bude upřesněno,bude upřesněno,3.12.2013,7. A,Český jazyk a literatura,"Jazyk, komunikace a sloh pro vyšší gymnázium",VG3,Mgr. Karla Paclíková,,,,
13,VY_32_INOVACE_CJ0213,pptx,Skladební vztahy - formální,bude upřesněno,bude upřesněno,6.12.2013,7. A,Český jazyk a literatura,"Jazyk, komunikace a sloh pro vyšší gymnázium",VG3,Mgr. Karla Paclíková,,,,
14,VY_32_INOVACE_CJ0214,pptx,Doplněk,bude upřesněno,bude upřesněno,26.11.2013,7. A,Český jazyk a literatura,"Jazyk, komunikace a sloh pro vyšší gymnázium",VG3,Mgr. Karla Paclíková,,,,
15,VY_32_INOVACE_CJ0215,pptx,Věta,bude upřesněno,bude upřesněno,1.11.2013,7. A,Český jazyk a literatura,"Jazyk, komunikace a sloh pro vyšší gymnázium",VG3,Mgr. Karla Paclíková,,,,
16,VY_32_INOVACE_CJ0216,pptx,Nepravidelnosti větné stavby,bude upřesněno,bude upřesněno,8.1.2014,7. A,Český jazyk a literatura,"Jazyk, komunikace a sloh pro vyšší gymnázium",VG3,Mgr. Karla Paclíková,,,,
17,VY_32_INOVACE_CJ0217,pptx,Aktuální členění výpovědi,bude upřesněno,bude upřesněno,15.1.2014,7. A,Český jazyk a literatura,"Jazyk, komunikace a sloh pro vyšší gymnázium",VG3,Mgr. Karla Paclíková,,,,
18,VY_32_INOVACE_CJ0218,pdf,Úvod do českého jazyka,bude upřesněno,bude upřesněno,15.10.2013,1. A,Český jazyk a literatura,"Jazyk, komunikace a sloh pro vyšší gymnázium",VG1,Mgr. Libuše Chudobová,,,,
19,VY_32_INOVACE_CJ0219,pdf,Všestranný jazykový rozbor,bude upřesněno,bude upřesněno,6.1.2014,6. A,Český jazyk a literatura,"Jazyk, komunikace a sloh pro vyšší gymnázium",VG2,Mgr. Libuše Chudobová,,,,
20,VY_32_INOVACE_CJ0220,pptx,Mluvnické kategorie jmen,bude upřesněno,bude upřesněno,9.1.2014,6. A,Český jazyk a literatura,"Jazyk, komunikace a sloh pro vyšší gymnázium",VG2,Mgr. Libuše Chudobová,,,0,
1,VY_32_INOVACE_CJ0301,pdf,M. Jan Hus,prezentace,bude upřesněno,14.9.2012,6. A,Český jazyk a literatura,Literatura pro vyšší gymnázium,VG2,Mgr. Karla Paclíková,,,1,
2,VY_32_INOVACE_CJ0302,pdf,Píseň v době husitství,bude upřesněno,bude upřesněno,21.9.2012,6. A,Český jazyk a literatura,Literatura pro vyšší gymnázium,VG2,Mgr. Karla Paclíková,,,,
3,VY_32_INOVACE_CJ0303,pdf,Husitská literatura,dokument Word,bude upřesněno,27.5.2014,1. A,Český jazyk a literatura,Literatura pro vyšší gymnázium,VG1,Mgr. Libuše Chudobová,,,,
4,VY_32_INOVACE_CJ0304,pptx,Česká barokní literatura,prezentace,bude upřesněno,14.1.2013,6. A,Český jazyk a literatura,Literatura pro vyšší gymnázium,VG2,Mgr. Karla Paclíková,,,,
5,VY_32_INOVACE_CJ0305,pptx,"1. fáze NO, J. Dobrovský",prezentace,bude upřesněno,13.2.2014,7. A,Český jazyk a literatura,Literatura pro vyšší gymnázium,VG3,Mgr. Karla Paclíková,,,,
6,VY_32_INOVACE_CJ0306,pptx,"2. fáze NO, J. Jungmann",prezentace,bude upřesněno,4.3.2014,7. A,Český jazyk a literatura,Literatura pro vyšší gymnázium,VG3,Mgr. Karla Paclíková,,,,
7,VY_32_INOVACE_CJ0307,pptx,Římská literatura,prezentace,bude upřesněno,25.2.2013,5. A,Český jazyk a literatura,Literatura pro vyšší gymnázium,VG1,Mgr. Karla Paclíková,,,,
8,VY_32_INOVACE_CJ0308,pdf,Světová renesanční literatura,dokument Word,bude upřesněno,15.10.2013,6. A,Český jazyk a literatura,Literatura pro vyšší gymnázium,VG2,Mgr. Libuše Chudobová,,,,
9,VY_32_INOVACE_CJ0309,pdf,Počátky písemnictví na našem území,dokument Word,bude upřesněno,2.5.2014,1. A,Český jazyk a literatura,Literatura pro vyšší gymnázium,VG1,Mgr. Libuše Chudobová,,,,
10,VY_32_INOVACE_CJ0310,pdf,Počátky světového písemnictví,dokument Word,bude upřesněno,25.11.2013,1. A,Český jazyk a literatura,Literatura pro vyšší gymnázium,VG1,Mgr. Libuše Chudobová,,,,
11,VY_32_INOVACE_CJ0311,pdf,Antická literatura,dokument Word,bude upřesněno,31.3.2014,1. A,Český jazyk a literatura,Literatura pro vyšší gymnázium,VG1,Mgr. Libuše Chudobová,,,,
12,VY_32_INOVACE_CJ0312,pdf,Český renesanční humanismus,dokument Word,bude upřesněno,31.10.2013,6. A,Český jazyk a literatura,Literatura pro vyšší gymnázium,VG2,Mgr. Libuše Chudobová,,,,
13,VY_32_INOVACE_CJ0313,pdf,"Český romantismus, počátky realismu",dokument Word,bude upřesněno,29.5.2014,7. A,Český jazyk a literatura,Literatura pro vyšší gymnázium,VG3,Mgr. Libuše Chudobová,,,,
14,VY_32_INOVACE_CJ0314,pdf,Literatura baroka,dokument Word,bude upřesněno,27.11.2013,6. A,Český jazyk a literatura,Literatura pro vyšší gymnázium,VG2,Mgr. Libuše Chudobová,,,,
15,VY_32_INOVACE_CJ0315,pdf,"Májovci, ruchovci, lumírovci",dokument Word,bude upřesněno,14.3.2014,4. A,Český jazyk a literatura,Literatura pro vyšší gymnázium,VG4,Mgr. Libuše Chudobová,,,,
16,VY_32_INOVACE_CJ0316,pdf,Literatura národního obrození,dokument Word,bude upřesněno,29.5.2014,6. A,Český jazyk a literatura,Literatura pro vyšší gymnázium,VG2,Mgr. Libuše Chudobová,,,,
17,VY_32_INOVACE_CJ0317,pdf,Romantismus,dokument Word,bude upřesněno,6.11.2013,7. A,Český jazyk a literatura,Literatura pro vyšší gymnázium,VG3,Mgr. Libuše Chudobová,,,,
18,VY_32_INOVACE_CJ0318,pdf,Tomáš Štítný ze Štítného,dokument Word,bude upřesněno,6.5.2014,1. A,Český jazyk a literatura,Literatura pro vyšší gymnázium,VG1,Mgr. Radka Strašilová,,,,
19,VY_32_INOVACE_CJ0319,pdf,"Klasicismus, osvícenství, preromantismus",dokument Word,bude upřesněno,15.4.2014,6. A,Český jazyk a literatura,Literatura pro vyšší gymnázium,VG2,Mgr. Libuše Chudobová,,,,
20,VY_32_INOVACE_CJ0320,pdf,Česká moderna,dokument Word,bude upřesněno,28.4.2014,4. A,Český jazyk a literatura,Literatura pro vyšší gymnázium,VG4,Mgr. Libuše Chudobová,,,0,
1,VY_32_INOVACE_CJ0401,pdf,O ženách v ruské literatuře 19. st.,pracovní list,8.5.2013,17.9.2013,8.A,Český jazyk a literatura,Práce s textem - interpretace a analýzy,VG4,Marie Brožová,,,1,
2,VY_32_INOVACE_CJ0402,pdf,Buřiči – dědici romantiků,pracovní list,16.5.2013,6.9.2013,8.A,Český jazyk a literatura,Práce s textem - interpretace a analýzy,VG4,Marie Brožová,,,,
3,VY_32_INOVACE_CJ0403,pdf,Nejautentičtější plebejský hlas generace buřičů,pracovní list,16.5.2013,6.9.2013,8.A,Český jazyk a literatura,Práce s textem - interpretace a analýzy,VG4,Marie Brožová,,,,
4,VY_32_INOVACE_CJ0404,pdf,Česká meditativní tvorba s důrazem na žánrovou charakteristiku,pracovní list,20.5.2013,11.9.2013,8.A,Český jazyk a literatura,Práce s textem - interpretace a analýzy,VG4,Marie Brožová,,,,
5,VY_32_INOVACE_CJ0405,pdf,Zrání básníka J. Wolkera,pracovní list,2.5.2013,9.9.2013,8.A,Český jazyk a literatura,Práce s textem - interpretace a analýzy,VG4,Marie Brožová,,,,
6,VY_32_INOVACE_CJ0406,pdf,Experimentující styl v Joycově Odysseovi,pracovní list,3.5.2013,16.9.2013,8.A,Český jazyk a literatura,Práce s textem - interpretace a analýzy,VG4,Marie Brožová,,,,
7,VY_32_INOVACE_CJ0407,pdf,Od eseje k básni není dlouhá cesta – Jan Skácel,pracovní list,29.5.2013,13.9.2013,8.A,Český jazyk a literatura,Práce s textem - interpretace a analýzy,VG4,Marie Brožová,,,,
8,VY_32_INOVACE_CJ0408,pdf,Bohatství lexikálních prostředků v básních J. Seiferta,pracovní list,28.5.2013,20.9.2013,8.A,Český jazyk a literatura,Práce s textem - interpretace a analýzy,VG4,Marie Brožová,,,,
9,VY_32_INOVACE_CJ0409,pdf,Velké románové postavy očima lit. esejisty M. Kundery,pracovní list,3.9.2013,24.9.2013,8.A,Český jazyk a literatura,Práce s textem - interpretace a analýzy,VG4,Marie Brožová,,,,
10,VY_32_INOVACE_CJ0410,pdf,Ztracené nekonečno vnějšího světa – od Cervantese k moderní próze,pracovní list,5.9.2013,24.9.2013,8.A,Český jazyk a literatura,Práce s textem - interpretace a analýzy,VG4,Marie Brožová,,,,
11,VY_32_INOVACE_CJ0411,pdf,Existenciální tematika v české meziválečné literatuře,pracovní list,5.10.2013,9.10.2013,8.A,Český jazyk a literatura,Práce s textem - interpretace a analýzy,VG4,Marie Brožová,,,,
12,VY_32_INOVACE_CJ0412,pdf,Groteskno v pojetí sexuality v díle Franze Kafky,pracovní list,2.10.2013,8.10.2013,8.A,Český jazyk a literatura,Práce s textem - interpretace a analýzy,VG4,Marie Brožová,,,,
13,VY_32_INOVACE_CJ0413,pdf,Bestiální něha J. H. Krchovského,pracovní list,2.10.2013,7.10.2013,8.A,Český jazyk a literatura,Práce s textem - interpretace a analýzy,VG4,Marie Brožová,,,,
14,VY_32_INOVACE_CJ0414,pdf,Surrealistická poezie Nezvalova a Bieblova,pracovní list,6.10.2013,15.10.2013,8.A,Český jazyk a literatura,Práce s textem - interpretace a analýzy,VG4,Marie Brožová,,,,
15,VY_32_INOVACE_CJ0415,pdf,František Hrubín – básník dětství a rodné krajiny,pracovní list,1.10.2013,16.10.2013,8.A,Český jazyk a literatura,Práce s textem - interpretace a analýzy,VG4,Marie Brožová,,,,
16,VY_32_INOVACE_CJ0416,pdf,Jaroslav Seifert 60. let – varující vizionář,pracovní list,3.10.2013,18.10.2013,8.A,Český jazyk a literatura,Práce s textem - interpretace a analýzy,VG4,Marie Brožová,,,,
17,VY_32_INOVACE_CJ0417,pdf,Poetika Hrabalových próz – řečový proud,pracovní list,10.10.2013,21.10.2013,8.A,Český jazyk a literatura,Práce s textem - interpretace a analýzy,VG4,Marie Brožová,,,,
18,VY_32_INOVACE_CJ0418,pdf,Vázaný verš není mrtev aneb od Františka Hrubína k J. H. Krchovskému,pracovní list,7.10.2013,21.10.2013,8.A,Český jazyk a literatura,Práce s textem - interpretace a analýzy,VG4,Marie Brožová,,,,
19,VY_32_INOVACE_CJ0419,pdf,Neskrývaný intelekt v Kunderově Nesmrtelnosti,pracovní list,3.10.2013,23.10.2013,8.A,Český jazyk a literatura,Práce s textem - interpretace a analýzy,VG4,Marie Brožová,,,,
20,VY_32_INOVACE_CJ0420,pdf,Současná mladá česká poezie – Jan Těsnohlídek,pracovní list,16.10.2013,25.10.2013,8.A,Český jazyk a literatura,Práce s textem - interpretace a analýzy,VG4,Marie Brožová,,0,0,
1,VY_32_INOVACE_D0101,pdf,Německo v  2. polovině 19. století,test,15.6.2013,4.3.2014,4.A/8.A,Dějepis,Novodobé dějiny,VG4,Ilona Kadlecová,,1,1,
2,VY_32_INOVACE_D0102,pdf,Rusko za vlády posledních Romanovců,test,15.6.2013,16.12.2013,G4.A,Dějepis,Novodobé dějiny,NG4,Ilona Kadlecová,,,,
3,VY_32_INOVACE_D0103,pdf,Československo v letech 1945 - 1948,test,15.6.2013,8.4.2014,4.A/8.A,Dějepis,Novodobé dějiny,VG4,Ilona Kadlecová,,,,
4,VY_32_INOVACE_D0104,pdf,Únor 1948,test,15.6.2013,8.4.2014,4.A/8.A,Dějepis,Novodobé dějiny,VG4,Ilona Kadlecová,,,,
5,VY_32_INOVACE_D0105,pdf,Rakouská monarchie v 2. polovině 19. století,test,15.6.2013,7.10.2013,G4.A,Dějepis,Novodobé dějiny,NG4,Ilona Kadlecová,,,,
6,VY_32_INOVACE_D0106,pdf,Mezinárodní vztahy před první  světovou válkou,test,15.6.2013,17.10.2013,4.A/8.A,Dějepis,Novodobé dějiny,VG4,Ilona Kadlecová,,,,
7,VY_32_INOVACE_D0107,pdf,První  světová válka,test,15.6.2013,5.11.2013,4.A/8.A,Dějepis,Novodobé dějiny,VG4,Ilona Kadlecová,,,,
8,VY_32_INOVACE_D0108,pdf,Češi a Slováci za první světové války,test,15.6.2013,19.12.2013,G 4.A,Dějepis,Novodobé dějiny,NG4,Ilona Kadlecová,,,,
9,VY_32_INOVACE_D0109,pdf,Versaillský systém,test,15.6.2013,15.4.2014,4.A/8.A,Dějepis,Novodobé dějiny,VG4,Ilona Kadlecová,,,,
10,VY_32_INOVACE_D0110,pdf,Léta 1948 – 1960 v ČSR,test,15.6.2013,10.4.2014,4.A/8.A,Dějepis,Novodobé dějiny,VG4,Ilona Kadlecová,,,,
11,VY_32_INOVACE_D0111,pdf,ČSSR v letech 1960 - 1968,test,15.6.2013,10.4.2014,4.A/8.A,Dějepis,Novodobé dějiny,VG4,Ilona Kadlecová,,,,
12,VY_32_INOVACE_D0112,pdf,Od Karlovarského programu k Mnichovské dohodě,test,15.6.2013,27.2.2014,G4.A,Dějepis,Novodobé dějiny,NG4,Ilona Kadlecová,,,,
13,VY_32_INOVACE_D0113,pdf,Politické strany první  republiky,test,15.6.2013,15.4.2014,4.A/8.A,Dějepis,Novodobé dějiny,VG4,Ilona Kadlecová,,,,
14,VY_32_INOVACE_D0114,pdf,"Německo, německý nacismus",test,15.6.2013,13.2.2014,4.A/8.A,Dějepis,Novodobé dějiny,VG4,Ilona Kadlecová,,,,
15,VY_32_INOVACE_D0115,pdf,Italský fašismus,test,15.6.2013,24.3.2014,G4.A,Dějepis,Novodobé dějiny,NG4,Ilona Kadlecová,,,,
16,VY_32_INOVACE_D0116,pdf,Sovětské Rusko a SSSR v meziválečném období,test,15.6.2013,22.4.2014,4.A/8.A,Dějepis,Novodobé dějiny,VG4,Ilona Kadlecová,,,,
17,VY_32_INOVACE_D0117,pdf,Vývoj na Blízkém východě,test,15.6.2013,24.4.2014,4.A/8.A,Dějepis,Novodobé dějiny,VG4,Ilona Kadlecová,,,,
18,VY_32_INOVACE_D0118,pdf,Druhá světová válka v letech 1939 - 1943,test,15.6.2013,13.3.2014,4.A/8.A,Dějepis,Novodobé dějiny,VG4,Ilona Kadlecová,,,,
19,VY_32_INOVACE_D0119,pdf,Konference a smlouvy ve 20. a 30. letech 20. století,test,15.6.2013,22.4.2014,4.A/8.A,Dějepis,Novodobé dějiny,VG4,Ilona Kadlecová,,,,
20,VY_32_INOVACE_D0120,pdf,Diplomatická jednání za druhé světové války,test,15.6.2013,24.4.2014,4.A/8.A,Dějepis,Novodobé dějiny,VG4,Ilona Kadlecová,,,0,
1,VY_32_INOVACE_D0201,pdf,Poslední Přemyslovci,pracovní list,31.10.2013,18.12.2013,2. A,Dějepis,Dějiny pozdního středověku a novověku do roku 1848,VG2,Milan Kratochvíl,,,1,
2,VY_32_INOVACE_D0202,pdf,Lucemburkové,pracovní list,30.11.2013,16.1.2014,2. A,Dějepis,Dějiny pozdního středověku a novověku do roku 1848,VG2,Milan Kratochvíl,,,,
3,VY_32_INOVACE_D0203,pdf,Vrcholný středověk,pracovní list,30.11.2013,11.2.2014,2. A,Dějepis,Dějiny pozdního středověku a novověku do roku 1848,VG2,Milan Kratochvíl,,,,
4,VY_32_INOVACE_D0204,pdf,"Vpád Tatarů, turecká expanze",pracovní list,22.11.2013,19.2.2014,2. A,Dějepis,Dějiny pozdního středověku a novověku do roku 1848,VG2,Milan Kratochvíl,,,,
5,VY_32_INOVACE_D0205,pdf,Husitství,pracovní list,28.2.2013,8.2.2013,2. A,Dějepis,Dějiny pozdního středověku a novověku do roku 1848,VG2,Milan Kratochvíl,,,,
6,VY_32_INOVACE_D0206,pdf,Doba poděbradská a jagellonská,pracovní list,28.2.2013,15.2.2013,2. A,Dějepis,Dějiny pozdního středověku a novověku do roku 1848,VG2,Milan Kratochvíl,,,,
7,VY_32_INOVACE_D0207,pdf,Velké zeměpisné objevy,pracovní list,28.2.2013,22.2.2013,2. A,Dějepis,Dějiny pozdního středověku a novověku do roku 1848,VG2,Milan Kratochvíl,,,,
8,VY_32_INOVACE_D0208,pdf,"Humanismus, reformace",pracovní list,31.3.2013,4.3.2013,2. A,Dějepis,Dějiny pozdního středověku a novověku do roku 1848,VG2,Milan Kratochvíl,,,,
9,VY_32_INOVACE_D0209,pdf,Počátky novověku,pracovní list,31.3.2013,5.4.2013,2. A,Dějepis,Dějiny pozdního středověku a novověku do roku 1848,VG2,Milan Kratochvíl,,,,
10,VY_32_INOVACE_D0210,pdf,České země jako součást habsburské monarchie,pracovní list,31.3.2013,29.4.2013,2. A,Dějepis,Dějiny pozdního středověku a novověku do roku 1848,VG2,Milan Kratochvíl,,,,
11,VY_32_INOVACE_D0211,pdf,Třicetiletá válka,pracovní list,30.4.2013,3.5.2013,2. A,Dějepis,Dějiny pozdního středověku a novověku do roku 1848,VG2,Milan Kratochvíl,,,,
12,VY_32_INOVACE_D0212,pdf,Evropa po třicetileté válce,pracovní list,30.4.2013,31.5.2013,2. A,Dějepis,Dějiny pozdního středověku a novověku do roku 1848,VG2,Milan Kratochvíl,,,,
13,VY_32_INOVACE_D0213,pdf,České země a habsburská monarchie po třicetileté válce,pracovní list,30.4.2013,10.6.2013,2. A,Dějepis,Dějiny pozdního středověku a novověku do roku 1848,VG2,Milan Kratochvíl,,,,
14,VY_32_INOVACE_D0214,pdf,Osvícenský absolutismus v českých zemích,pracovní list,31.5.2013,17.9.2013,3. A,Dějepis,Dějiny pozdního středověku a novověku do roku 1848,VG3,Milan Kratochvíl,,,,
15,VY_32_INOVACE_D0215,pdf,Velká francouzská revoluce,pracovní list,31.5.2013,22.10.2013,3. A,Dějepis,Dějiny pozdního středověku a novověku do roku 1848,VG3,Milan Kratochvíl,,,,
16,VY_32_INOVACE_D0216,pdf,Anglická buržoazní revoluce,pracovní list,30.6.2013,7.6.2013,2. A,Dějepis,Dějiny pozdního středověku a novověku do roku 1848,VG2,Milan Kratochvíl,,,,
17,VY_32_INOVACE_D0217,pdf,Válka za nezávislost,pracovní list,30.6.2013,20.9.2013,3. A,Dějepis,Dějiny pozdního středověku a novověku do roku 1848,VG3,Milan Kratochvíl,,,,
18,VY_32_INOVACE_D0218,pdf,Napoleonské války,pracovní list,30.9.2013,8.11.2013,3. A,Dějepis,Dějiny pozdního středověku a novověku do roku 1848,VG3,Milan Kratochvíl,,,,
19,VY_32_INOVACE_D0219,pdf,Evropa ve 20. a 30. letech 19. století,pracovní list,31.10.2013,29.11.2013,3. A,Dějepis,Dějiny pozdního středověku a novověku do roku 1848,VG3,Milan Kratochvíl,,,,
20,VY_32_INOVACE_D0220,pdf,Rok 1848,pracovní list,31.10.2013,17.12.2013,3. A,Dějepis,Dějiny pozdního středověku a novověku do roku 1848,VG3,Milan Kratochvíl,,,0,
1,VY_32_INOVACE_D0301,pdf,Úvod do studia dějepisu,pracovní list,,3.10.2013,G1. A,Dějepis,"Dějiny pravěku, starověku, raného středověku",NG1,Libuše Chudobová,,,1,
2,VY_32_INOVACE_D0302,pdf,Dějiny pravěku,pracovní list,,4.11.2013,G1. A,Dějepis,"Dějiny pravěku, starověku, raného středověku",NG1,Libuše Chudobová,,,,
3,VY_32_INOVACE_D0303,pdf,Starověká Mezopotámie,pracovní list,,21.11.2013,G1. A,Dějepis,"Dějiny pravěku, starověku, raného středověku",NG1,Libuše Chudobová,,,,
4,VY_32_INOVACE_D0304,pdf,Starověký Egypt,pracovní list,,16.12.2013,G1. A,Dějepis,"Dějiny pravěku, starověku, raného středověku",NG1,Libuše Chudobová,,,,
5,VY_32_INOVACE_D0305,pdf,Starověké Řecko,pracovní list,,30.4.2013,5. A,Dějepis,"Dějiny pravěku, starověku, raného středověku",VG1,Libuše Chudobová,,,,
6,VY_32_INOVACE_D0306,pdf,Starověký Řím,pracovní list,,23.10.2013,5. A,Dějepis,"Dějiny pravěku, starověku, raného středověku",VG1,Libuše Chudobová,,,,
7,VY_32_INOVACE_D0307,pdf,Starověký Přední východ,pracovní list,,11.12.2013,5. A,Dějepis,"Dějiny pravěku, starověku, raného středověku",VG1,Libuše Chudobová,,,,
8,VY_32_INOVACE_D0308,pdf,Starověká Indie a Čína,pracovní list,,16.1.2014,G1. A,Dějepis,"Dějiny pravěku, starověku, raného středověku",NG1,Libuše Chudobová,,,,
9,VY_32_INOVACE_D0309,pdf,"Arabové, vznik islámu",pracovní list,,24.9.2013,G2. A,Dějepis,"Dějiny pravěku, starověku, raného středověku",NG2,Libuše Chudobová,,,,
10,VY_32_INOVACE_D0310,pdf,"Křížové výpravy, románská kultura",pracovní list,,24.1.2014,G2. A,Dějepis,"Dějiny pravěku, starověku, raného středověku",NG2,Libuše Chudobová,,,,
11,VY_32_INOVACE_D0311,pdf,První Přemyslovci,pracovní list,,13.12.2013,G2. A,Dějepis,"Dějiny pravěku, starověku, raného středověku",NG2,Libuše Chudobová,,,,
12,VY_32_INOVACE_D0312,pdf,Raný feudalismus,pracovní list,,19.11.2013,G2. A,Dějepis,"Dějiny pravěku, starověku, raného středověku",NG2,Libuše Chudobová,,,,
13,VY_32_INOVACE_D0313,pdf,Vikingové,pracovní list,,7.1.2014,G2. A,Dějepis,"Dějiny pravěku, starověku, raného středověku",NG2,Libuše Chudobová,,,,
14,VY_32_INOVACE_D0314,pdf,Vznik států ve střední Evropě,pracovní list,,3.12.2013,G2. A,Dějepis,"Dějiny pravěku, starověku, raného středověku",NG2,Libuše Chudobová,,,,
15,VY_32_INOVACE_D0315,pdf,Počátky české státnosti,pracovní list,,4.11.2013,6. A,Dějepis,"Dějiny pravěku, starověku, raného středověku",VG2,Libuše Chudobová,,,,
16,VY_32_INOVACE_D0316,pdf,Řecko,pracovní list,,20.3.2014,G1. A,Dějepis,"Dějiny pravěku, starověku, raného středověku",NG1,Libuše Chudobová,,,,
17,VY_32_INOVACE_D0317,pdf,Římská republika,pracovní list,,6.9.2013,G2. A,Dějepis,"Dějiny pravěku, starověku, raného středověku",NG2,Libuše Chudobová,,,,
18,VY_32_INOVACE_D0318,pdf,Římské císařství,pracovní list,,6.9.2013,G2. A,Dějepis,"Dějiny pravěku, starověku, raného středověku",NG2,Libuše Chudobová,,,,
19,VY_32_INOVACE_D0319,pptx,Typy starověkých států,prezentace,,16.12.2013,5. A,Dějepis,"Dějiny pravěku, starověku, raného středověku",VG1,Libuše Chudobová,,,,
20,VY_32_INOVACE_D0320,pptx,Křesťanství,prezentace,,30.9.2013,6. A,Dějepis,"Dějiny pravěku, starověku, raného středověku",VG2,Libuše Chudobová,,0,0,
1,VY_32_INOVACE_F0101,pdf,Mechanická práce I,pracovní list,30.9.2013,26.9.2012,G3.A,Fyzika,Řešení fyzikálních úloh pro nižší gymnázium - 1,"NG3, NG4",Lenka Mádrová,,1,1,
2,VY_32_INOVACE_F0102,pdf,Mechanická práce II,pracovní list,30.9.2013,26.9.2012,G3.A,Fyzika,Řešení fyzikálních úloh pro nižší gymnázium - 1,"NG3, NG4",Lenka Mádrová,,,,
3,VY_32_INOVACE_F0103,pdf,Mechanická práce – převody jednotek,pracovní list,30.9.2013,3.10.2012,G3.A,Fyzika,Řešení fyzikálních úloh pro nižší gymnázium - 1,"NG3, NG4",Lenka Mádrová,,,,
4,VY_32_INOVACE_F0104,pdf,Výkon,pracovní list,30.9.2013,8.10.2012,G3.A,Fyzika,Řešení fyzikálních úloh pro nižší gymnázium - 1,"NG3, NG4",Lenka Mádrová,,,,
5,VY_32_INOVACE_F0105,pdf,Účinnost,pracovní list,30.9.2013,10.10.2012,G3.A,Fyzika,Řešení fyzikálních úloh pro nižší gymnázium - 1,"NG3, NG4",Lenka Mádrová,,,,
6,VY_32_INOVACE_F0106,pdf,Mechanická energie - kinetická,pracovní list,30.9.2013,15.10.2012,G3.A,Fyzika,Řešení fyzikálních úloh pro nižší gymnázium - 1,"NG3, NG4",Lenka Mádrová,,,,
7,VY_32_INOVACE_F0107,pdf,Mechanická energie - potenciální,pracovní list,30.9.2013,22.10.2012,G3.A,Fyzika,Řešení fyzikálních úloh pro nižší gymnázium - 1,"NG3, NG4",Lenka Mádrová,,,,
8,VY_32_INOVACE_F0108,pdf,Zákon zachování mechanické energie I,pracovní list,30.9.2013,29.10.2012,G3.A,Fyzika,Řešení fyzikálních úloh pro nižší gymnázium - 1,"NG3, NG4",Lenka Mádrová,,,,
9,VY_32_INOVACE_F0109,pdf,Zákon zachování mechanické energie II,pracovní list,30.9.2013,31.10.2012,G3.A,Fyzika,Řešení fyzikálních úloh pro nižší gymnázium - 1,"NG3, NG4",Lenka Mádrová,,,,
10,VY_32_INOVACE_F0110,pdf,Teplo I,pracovní list,30.11.2013,28.11.2012,G3.A,Fyzika,Řešení fyzikálních úloh pro nižší gymnázium - 1,"NG3, NG4",Lenka Mádrová,,,,
11,VY_32_INOVACE_F0111,pdf,Teplo II,pracovní list,30.11.2013,3.12.2012,G3.A,Fyzika,Řešení fyzikálních úloh pro nižší gymnázium - 1,"NG3, NG4",Lenka Mádrová,,,,
12,VY_32_INOVACE_F0112,pdf,Kalorimetrická rovnice I,pracovní list,30.11.2013,5.12.2012,G3.A,Fyzika,Řešení fyzikálních úloh pro nižší gymnázium - 1,"NG3, NG4",Lenka Mádrová,,,,
13,VY_32_INOVACE_F0113,pdf,Kalorimetrická rovnice II,pracovní list,30.11.2013,10.12.2012,G3.A,Fyzika,Řešení fyzikálních úloh pro nižší gymnázium - 1,"NG3, NG4",Lenka Mádrová,,,,
14,VY_32_INOVACE_F0114,pdf,"Změny skupenství látek - tání, tuhnutí",pracovní list,30.11.2013,28.1.2013,G3.A,Fyzika,Řešení fyzikálních úloh pro nižší gymnázium - 1,"NG3, NG4",Lenka Mádrová,,,,
15,VY_32_INOVACE_F0115,pdf,"Změny skupenství látek - vypařování, kondenzace, var",pracovní list,30.11.2013,25.2.2013,G3.A,Fyzika,Řešení fyzikálních úloh pro nižší gymnázium - 1,"NG3, NG4",Lenka Mádrová,,,,
16,VY_32_INOVACE_F0116,pdf,Změny skupenství látek – tání ledu,pracovní list,30.11.2013,4.2.2013,G3.A,Fyzika,Řešení fyzikálních úloh pro nižší gymnázium - 1,"NG3, NG4",Lenka Mádrová,,,,
17,VY_32_INOVACE_F0117,pdf,Změny skupenství látek – tání ledu II,pracovní list,30.11.2013,18.3.2013,G3.A,Fyzika,Řešení fyzikálních úloh pro nižší gymnázium - 1,"NG3, NG4",Lenka Mádrová,,,,
18,VY_32_INOVACE_F0118,pdf,Změny skupenství látek – led - voda - pára,pracovní list,30.11.2013,20.3.2013,G3.A,Fyzika,Řešení fyzikálních úloh pro nižší gymnázium - 1,"NG3, NG4",Lenka Mádrová,,,,
19,VY_32_INOVACE_F0119,pdf,Zvukové jevy I,pracovní list,15.6.2013,27.5.2013,G3.A,Fyzika,Řešení fyzikálních úloh pro nižší gymnázium - 1,"NG3, NG4",Lenka Mádrová,,,,
20,VY_32_INOVACE_F0120,pdf,Zvukové jevy II,pracovní list,15.6.2013,29.5.2013,G3.A,Fyzika,Řešení fyzikálních úloh pro nižší gymnázium - 1,"NG3, NG4",Lenka Mádrová,,,0,
1,VY_32_INOVACE_F0201,pdf,"Elektrický proud, elektrické napětí",pracovní list,20.12.2013,26.9.2013,G4.A,Fyzika,Řešení fyzikálních úloh pro nižší gymnázium - 2,"NG3, NG4",Lenka Mádrová,,,1,
2,VY_32_INOVACE_F0202,pdf,Závislost elektrického odporu na teplotě,pracovní list,20.12.2013,31.10.2013,G4.A,Fyzika,Řešení fyzikálních úloh pro nižší gymnázium - 2,"NG3, NG4",Lenka Mádrová,,,,
3,VY_32_INOVACE_F0203,pdf,Závislost elektrického odporu na vlastnostech vodiče,pracovní list,20.12.2013,24.10.2013,G4.A,Fyzika,Řešení fyzikálních úloh pro nižší gymnázium - 2,"NG3, NG4",Lenka Mádrová,,,,
4,VY_32_INOVACE_F0204,pdf,Ohmův zákon I,pracovní list,20.12.2013,15.10.2013,G4.A,Fyzika,Řešení fyzikálních úloh pro nižší gymnázium - 2,"NG3, NG4",Lenka Mádrová,,,,
5,VY_32_INOVACE_F0205,pdf,Ohmův zákon II,pracovní list,20.12.2013,17.10.2013,G4.A,Fyzika,Řešení fyzikálních úloh pro nižší gymnázium - 2,"NG3, NG4",Lenka Mádrová,,,,
6,VY_32_INOVACE_F0206,pdf,Zapojování rezistorů I,pracovní list,20.12.2013,19.11.2013,G4.A,Fyzika,Řešení fyzikálních úloh pro nižší gymnázium - 2,"NG3, NG4",Lenka Mádrová,,,,
7,VY_32_INOVACE_F0207,pdf,Zapojování rezistorů II,pracovní list,20.12.2013,26.11.2013,G4.A,Fyzika,Řešení fyzikálních úloh pro nižší gymnázium - 2,"NG3, NG4",Lenka Mádrová,,,,
8,VY_32_INOVACE_F0208,pdf,Výpočty v elektrických obvodech,pracovní list,20.12.2013,28.11.2013,G4.A,Fyzika,Řešení fyzikálních úloh pro nižší gymnázium - 2,"NG3, NG4",Lenka Mádrová,,,,
9,VY_32_INOVACE_F0209,pdf,Práce a výkon elektrického proudu,pracovní list,20.12.2013,3.12.2013,G4.A,Fyzika,Řešení fyzikálních úloh pro nižší gymnázium - 2,"NG3, NG4",Lenka Mádrová,,,,
10,VY_32_INOVACE_F0210,pdf,Účinnost elektrických spotřebičů I,pracovní list,20.12.2013,17.12.2013,G4.A,Fyzika,Řešení fyzikálních úloh pro nižší gymnázium - 2,"NG3, NG4",Lenka Mádrová,,,,
11,VY_32_INOVACE_F0211,pdf,Účinnost elektrických spotřebičů II,pracovní list,20.12.2013,7.1.2014,G4.A,Fyzika,Řešení fyzikálních úloh pro nižší gymnázium - 2,"NG3, NG4",Lenka Mádrová,,,,
12,VY_32_INOVACE_F0212,pdf,Úlohy o elektrických spotřebičích,pracovní list,20.12.2013,14.1.2014,G4.A,Fyzika,Řešení fyzikálních úloh pro nižší gymnázium - 2,"NG3, NG4",Lenka Mádrová,,,,
13,VY_32_INOVACE_F0213,pdf,"Kondenzátor, kapacita",pracovní list,20.12.2013,18.3.2014,G4.A,Fyzika,Řešení fyzikálních úloh pro nižší gymnázium - 2,"NG3, NG4",Lenka Mádrová,,,,
14,VY_32_INOVACE_F0214,pdf,Zapojování kondenzátorů,pracovní list,20.12.2013,25.3.2014,G4.A,Fyzika,Řešení fyzikálních úloh pro nižší gymnázium - 2,"NG3, NG4",Lenka Mádrová,,,,
15,VY_32_INOVACE_F0215,pdf,Obvod střídavého proudu s cívkou,pracovní list,30.3.2014,8.4.2014,G4.A,Fyzika,Řešení fyzikálních úloh pro nižší gymnázium - 2,"NG3, NG4",Lenka Mádrová,,,,
16,VY_32_INOVACE_F0216,pdf,Obvod střídavého proudu s kondenzátorem,pracovní list,30.3.2014,10.4.2014,G4.A,Fyzika,Řešení fyzikálních úloh pro nižší gymnázium - 2,"NG3, NG4",Lenka Mádrová,,,,
17,VY_32_INOVACE_F0217,pdf,Výkon střídavého proudu I,pracovní list,30.3.2014,15.4.2014,G4.A,Fyzika,Řešení fyzikálních úloh pro nižší gymnázium - 2,"NG3, NG4",Lenka Mádrová,,,,
18,VY_32_INOVACE_F0218,pdf,Výkon střídavého proudu II,pracovní list,30.3.2014,22.4.2014,G4.A,Fyzika,Řešení fyzikálních úloh pro nižší gymnázium - 2,"NG3, NG4",Lenka Mádrová,,,,
19,VY_32_INOVACE_F0219,pdf,Transformátory – transformace napětí,pracovní list,30.3.2014,24.4.2014,G4.A,Fyzika,Řešení fyzikálních úloh pro nižší gymnázium - 2,"NG3, NG4",Lenka Mádrová,,,,
20,VY_32_INOVACE_F0220,pdf,Transformátory – transformace proudu,pracovní list,30.3.2014,29.4.2014,G4.A,Fyzika,Řešení fyzikálních úloh pro nižší gymnázium - 2,"NG3, NG4",Lenka Mádrová,,,0,
1,VY_32_INOVACE_F0301,xls,Vrhy,pracovní list,30.3.2013,25.3.2014,"4.A, 8.A",Fyzika,Využití fyzikálních appletů,VG,Pavlína Horáčková,,,1,
2,VY_32_INOVACE_F0302,xls,Tlak a proudění tekutin,pracovní list,1.3.2013,9.12.2013,6.A,Fyzika,Využití fyzikálních appletů,VG,Pavlína Horáčková,,,,
3,VY_32_INOVACE_F0303,xls,Vztlak,pracovní list,1.3.2013,17.10.2013,"4.A, 8.A",Fyzika,Využití fyzikálních appletů,VG,Pavlína Horáčková,,,,
4,VY_32_INOVACE_F0304,xls,Přeměny energie,pracovní list,15.2.2013,3.9.2013,"4.A, 8.A",Fyzika,Využití fyzikálních appletů,VG,Pavlína Horáčková,,,,
5,VY_32_INOVACE_F0305,xls,Rádiové vlny,pracovní list,1.2.2013,3.4.2014,"4.A, 8.A",Fyzika,Využití fyzikálních appletů,VG,Pavlína Horáčková,,,,
6,VY_32_INOVACE_F0306,xls,Mikrovlny,pracovní list,1.2.2013,1.4.2014,"4.A, 8.A",Fyzika,Využití fyzikálních appletů,VG,Pavlína Horáčková,,,,
7,VY_32_INOVACE_F0307,xls,Postupné vlnění v řadě bodů,pracovní list,1.2.2013,11.2.2013,7.A,Fyzika,Využití fyzikálních appletů,VG,Pavlína Horáčková,,,,
8,VY_32_INOVACE_F0308,xls,Interference vlnění,pracovní list,1.2.2013,18.2.2013,7.A,Fyzika,Využití fyzikálních appletů,VG,Pavlína Horáčková,,,,
9,VY_32_INOVACE_F0309,xls,Stojaté vlnění,pracovní list,1.2.2013,20.2.2013,7.A,Fyzika,Využití fyzikálních appletů,VG,Pavlína Horáčková,,,,
10,VY_32_INOVACE_F0310,xls,Huygensův princip,pracovní list,1.2.2013,22.2.2013,7.A,Fyzika,Využití fyzikálních appletů,VG,Pavlína Horáčková,,,,
11,VY_32_INOVACE_F0311,xls,Lom vlnění,pracovní list,1.3.2013,27.2.2013,7.A,Fyzika,Využití fyzikálních appletů,VG,Pavlína Horáčková,,,,
12,VY_32_INOVACE_F0312,xls,Odraz vlnění,pracovní list,1.3.2013,27.3.2014,"4.A, 8.A",Fyzika,Využití fyzikálních appletů,VG,Pavlína Horáčková,,,,
13,VY_32_INOVACE_F0313,xls,Zobrazení čočkou,pracovní list,1.3.2013,10.4.2014,"4.A, 8.A",Fyzika,Využití fyzikálních appletů,VG,Pavlína Horáčková,,,,
14,VY_32_INOVACE_F0314,xls,Zobrazení zrcadly,pracovní list,1.3.2013,8.4.2014,"4.A, 8.A",Fyzika,Využití fyzikálních appletů,VG,Pavlína Horáčková,,,,
15,VY_32_INOVACE_F0315,xls,Ohyb na štěrbině,pracovní list,1.3.2013,13.5.2013,7.A,Fyzika,Využití fyzikálních appletů,VG,Pavlína Horáčková,,,,
16,VY_32_INOVACE_F0316,xls,Fotoelektrický jev,pracovní list,1.4.2013,24.5.2013,7.A,Fyzika,Využití fyzikálních appletů,VG,Pavlína Horáčková,,,,
17,VY_32_INOVACE_F0317,xls,Radioaktivní rozpady,pracovní list,1.4.2013,19.6.2013,7.A,Fyzika,Využití fyzikálních appletů,VG,Pavlína Horáčková,,,,
18,VY_32_INOVACE_F0318,xls,Princip laseru,pracovní list,1.4.2013,3.6.2013,7.A,Fyzika,Využití fyzikálních appletů,VG,Pavlína Horáčková,,,,
19,VY_32_INOVACE_F0319,xls,Vlastnosti plynů,pracovní list,1.6.2013,9.10.2013,6.A,Fyzika,Využití fyzikálních appletů,VG,Pavlína Horáčková,,,,
20,VY_32_INOVACE_F0320,xls,Děje v plynech,pracovní list,1.6.2013,21.10.2013,6.A,Fyzika,Využití fyzikálních appletů,VG,Pavlína Horáčková,,0,0,
1,VY_32_INOVACE_Ch0101,pdf,Filtrace,pracovní list,15.9.2012,10.10.2012,"3.A, 7.A",Chemie,Soubor návodů k laboratorním cvičením (praktikum chemie),VG3-VP,Zbyněk Vlk,,1,1,
2,VY_32_INOVACE_Ch0102,pdf,"Dekantace, sublimace",pracovní list,30.9.2012,24.10.2012,"3.A, 7.A",Chemie,Soubor návodů k laboratorním cvičením (praktikum chemie),VG3-VP,Zbyněk Vlk,,,,
3,VY_32_INOVACE_Ch0103,pdf,Krystalizace,pracovní list,30.9.2012,7.11.2012,"3.A, 7.A",Chemie,Soubor návodů k laboratorním cvičením (praktikum chemie),VG3-VP,Zbyněk Vlk,,,,
4,VY_32_INOVACE_Ch0104,pdf,Destilace,pracovní list,31.10.2012,28.11.2012,"3.A, 7.A",Chemie,Soubor návodů k laboratorním cvičením (praktikum chemie),VG3-VP,Zbyněk Vlk,,,,
5,VY_32_INOVACE_Ch0105,pdf,Extrakce,pracovní list,30.11.2012,5.12.2012,"3.A, 7.A",Chemie,Soubor návodů k laboratorním cvičením (praktikum chemie),VG3-VP,Zbyněk Vlk,,,,
6,VY_32_INOVACE_Ch0106,pdf,Chromatografie,pracovní list,30.11.2012,12.12.2012,"3.A, 7.A",Chemie,Soubor návodů k laboratorním cvičením (praktikum chemie),VG3-VP,Zbyněk Vlk,,,,
7,VY_32_INOVACE_Ch0107,pdf,Acidimetrie  – stanovení NaOH,pracovní list,10.12.2012,9.1.2013,"3.A, 7.A",Chemie,Soubor návodů k laboratorním cvičením (praktikum chemie),VG3-VP,Zbyněk Vlk,,,,
8,VY_32_INOVACE_Ch0108,pdf,Acidimetrie  – stanovení přechodné tvrdosti vody,pracovní list,10.12.2012,16.1.2013,"3.A, 7.A",Chemie,Soubor návodů k laboratorním cvičením (praktikum chemie),VG3-VP,Zbyněk Vlk,,,,
9,VY_32_INOVACE_Ch0109,pdf,Chelatometrie – stanovení kationtů Ca2+ a Mg2+ ve vodě,pracovní list,31.12.2012,23.1.2013,"3.A, 7.A",Chemie,Soubor návodů k laboratorním cvičením (praktikum chemie),VG3-VP,Zbyněk Vlk,,,,
10,VY_32_INOVACE_Ch0110,pdf,Manganometrie – příprava odměrného roztoku a stanovení jeho faktoru,pracovní list,15.1.2013,30.1.2013,"3.A, 7.A",Chemie,Soubor návodů k laboratorním cvičením (praktikum chemie),VG3-VP,Zbyněk Vlk,,,,
11,VY_32_INOVACE_Ch0111,pdf,Manganometrie – stanovení H2O2,pracovní list,15.1.2013,6.2.2013,"3.A, 7.A",Chemie,Soubor návodů k laboratorním cvičením (praktikum chemie),VG3-VP,Zbyněk Vlk,,,,
12,VY_32_INOVACE_Ch0112,pdf,Gravimetrie – stanovení Fe v FeSO4 . 7 H2O,pracovní list,31.1.2013,27.2.2013,"3.A, 7.A",Chemie,Soubor návodů k laboratorním cvičením (praktikum chemie),VG3-VP,Zbyněk Vlk,,,,
13,VY_32_INOVACE_Ch0113,pdf,Plynoměrné stanovení CaCO3,pracovní list,28.2.2013,20.3.2013,"3.A, 7.A",Chemie,Soubor návodů k laboratorním cvičením (praktikum chemie),VG3-VP,Zbyněk Vlk,,,,
14,VY_32_INOVACE_Ch0114,pdf,Rychlost chemických reakcí,pracovní list,28.2.2013,27.3.2013,"3.A, 7.A",Chemie,Soubor návodů k laboratorním cvičením (praktikum chemie),VG3-VP,Zbyněk Vlk,,,,
15,VY_32_INOVACE_Ch0115,pdf,Kvalitativní analýza organických sloučenin,pracovní list,15.3.2013,3.4.2013,"3.A, 7.A",Chemie,Soubor návodů k laboratorním cvičením (praktikum chemie),VG3-VP,Zbyněk Vlk,,,,
16,VY_32_INOVACE_Ch0116,pdf,Analýza rostlinného nebo živočišného popela,pracovní list,15.3.2013,10.4.2013,"3.A, 7.A",Chemie,Soubor návodů k laboratorním cvičením (praktikum chemie),VG3-VP,Zbyněk Vlk,,,,
17,VY_32_INOVACE_Ch0117,pdf,Reakce mědi a jejích sloučenin,pracovní list,31.3.2013,17.4.2013,"3.A, 7.A",Chemie,Soubor návodů k laboratorním cvičením (praktikum chemie),VG3-VP,Zbyněk Vlk,,,,
18,VY_32_INOVACE_Ch0118,pdf,Reakce sacharidů,pracovní list,31.3.2013,15.5.2013,"3.A, 7.A",Chemie,Soubor návodů k laboratorním cvičením (praktikum chemie),VG3-VP,Zbyněk Vlk,,,,
19,VY_32_INOVACE_Ch0119,pdf,Reakce aminokyselin a bílkovin,pracovní list,20.5.2013,12.6.2013,"3.A, 7.A",Chemie,Soubor návodů k laboratorním cvičením (praktikum chemie),VG3-VP,Zbyněk Vlk,,,,
20,VY_32_INOVACE_Ch0120,pdf,Biokatalyzátory – enzymy,pracovní list,20.5.2013,5.6.2013,"3.A, 7.A",Chemie,Soubor návodů k laboratorním cvičením (praktikum chemie),VG3-VP,Zbyněk Vlk,,,0,
1,VY_32_INOVACE_Ch0201,pdf,Aminokyseliny,pracovní list,15.4.2013,18.4.2013,SCh 8/1,Chemie,Biochemie,VG4-S,Jana Drlíková,,,1,
2,VY_32_INOVACE_Ch0202,pdf,Lipidy,pracovní list,20.1.2013,22.1.2013,SCh 8/1,Chemie,Biochemie,VG4-S,Jana Drlíková,,,,
3,VY_32_INOVACE_Ch0203,pdf,Substituční deriváty karboxylových kyselin,pracovní list,1.12.2013,4.12.2013,SCh 8/1,Chemie,Biochemie,VG4-S,Jana Drlíková,,,,
4,VY_32_INOVACE_Ch0204,pdf,"Terpeny - základní zástupci, složení, význam",pracovní list,30.1.2013,31.1.2013,SCh 8/1,Chemie,Biochemie,VG4-S,Jana Drlíková,,,,
5,VY_32_INOVACE_Ch0205,pdf,Steroidy,pracovní list,9.2.2013,12.2.2013,SCh 8/1,Chemie,Biochemie,VG4-S,Jana Drlíková,,,,
6,VY_32_INOVACE_Ch0206,pdf,"Monosacharidy - rozdělení, konfigurační souvislosti, používané vzorce",pracovní list,1.3.2013,5.3.2013,SCh 8/1,Chemie,Biochemie,VG4-S,Jana Drlíková,,,,
7,VY_32_INOVACE_Ch0207,pdf,Monosacharidy - fyzikální a chemické vlastnosti,pracovní list,2.3.2013,7.3.2013,SCh 8/1,Chemie,Biochemie,VG4-S,Jana Drlíková,,,,
8,VY_32_INOVACE_Ch0208,pdf,Oligosacharidy,pracovní list,20.3.2013,21.3.2013,SCh 8/1,Chemie,Biochemie,VG4-S,Jana Drlíková,,,,
9,VY_32_INOVACE_Ch0209,pdf,Polysacharidy - rozdělení a základní zástupci,pracovní list,21.3.2013,26.3.2013,SCh 8/1,Chemie,Biochemie,VG4-S,Jana Drlíková,,,,
10,VY_32_INOVACE_Ch0210,pdf,"Nukleové kyseliny - chemické složení, struktura, funkce",pracovní list,5.4.2013,11.4.2013,SCh 8/1,Chemie,Biochemie,VG4-S,Jana Drlíková,,,,
11,VY_32_INOVACE_Ch0211,pdf,"Polypeptidy a bílkoviny - chemické složení, struktura, funkce",pracovní list,20.4.2013,23.4.2013,SCh 8/1,Chemie,Biochemie,VG4-S,Jana Drlíková,,,,
12,VY_32_INOVACE_Ch0212,pdf,Metabolismus lipidů - odbourávání,pracovní list,20.1.2013,24.1.2013,SCh 8/1,Chemie,Biochemie,VG4-S,Jana Drlíková,,,,
13,VY_32_INOVACE_Ch0213,pdf,Metabolismus lipidů - vznik,pracovní list,20.1.2013,29.1.2013,SCh 8/1,Chemie,Biochemie,VG4-S,Jana Drlíková,,,,
14,VY_32_INOVACE_Ch0214,pdf,Fotosyntéza - světelná fáze,pracovní list,1.4.2013,2.4.2013,SCh 8/1,Chemie,Biochemie,VG4-S,Jana Drlíková,,,,
15,VY_32_INOVACE_Ch0215,pdf,Fotosyntéza - Calvinův cyklus,pracovní list,1.4.2013,2.4.2013,SCh 8/1,Chemie,Biochemie,VG4-S,Jana Drlíková,,,,
16,VY_32_INOVACE_Ch0216,pdf,Metabolismus sacharidů,pracovní list,3.4.2013,4.4.2013,SCh 8/1,Chemie,Biochemie,VG4-S,Jana Drlíková,,,,
17,VY_32_INOVACE_Ch0217,pdf,"Metabolismus bílkovin, peptidů a aminokyselin",pracovní list,20.4.2013,25.4.2013,SCh 8/1,Chemie,Biochemie,VG4-S,Jana Drlíková,,,,
18,VY_32_INOVACE_Ch0218,pdf,Citrátový cyklus,pracovní list,4.4.2013,9.4.2013,SCh 8/1,Chemie,Biochemie,VG4-S,Jana Drlíková,,,,
19,VY_32_INOVACE_Ch0219,pdf,Biosyntéza nukleových kyselin,pracovní list,10.4.2013,16.4.2013,SCh 8/1,Chemie,Biochemie,VG4-S,Jana Drlíková,,,,
20,VY_32_INOVACE_Ch0220,pdf,Heterocykly,pracovní list,5.12.2013,9.12.2013,SCh 8/1,Chemie,Biochemie,VG4-S,Jana Drlíková,,,0,
1,VY_32_INOVACE_Ch0301,pptx,Roztoky - rozpustnost,prezentace,9.9.2013,18.10.2013,2. A,Chemie,Chemické výpočty,VG2,Vladana Špůrková,,,1,
2,VY_32_INOVACE_Ch0302,pptx,Roztoky - hmotnostní zlomek,prezentace,16.9.2013,6.9.2013,6. A,Chemie,Chemické výpočty,VG2,Vladana Špůrková,,,,
3,VY_32_INOVACE_Ch0303,pptx,Roztoky - objemový zlomek,prezentace,23.9.2013,9.9.2013,6. A,Chemie,Chemické výpočty,VG2,Vladana Špůrková,,,,
4,VY_32_INOVACE_Ch0304,pptx,Roztoky - látková koncentrace,prezentace,30.9.2013,12.9.2013,6. A,Chemie,Chemické výpočty,VG2,Vladana Špůrková,,,,
5,VY_32_INOVACE_Ch0305,pptx,Roztoky - směšovací rovnice,prezentace,8.10.2013,13.9.2013,6. A,Chemie,Chemické výpočty,VG2,Vladana Špůrková,,,,
6,VY_32_INOVACE_Ch0306,pptx,Roztoky - zřeďovací rovnice,prezentace,15.10.20103,19.9.2013,6. A,Chemie,Chemické výpočty,VG2,Vladana Špůrková,,,,
7,VY_32_INOVACE_Ch0307,pptx,Úpravy redoxních rovnic,prezentace,22.10.2013,26.9.2013,6. A,Chemie,Chemické výpočty,VG2,Vladana Špůrková,,,,
8,VY_32_INOVACE_Ch0308,pptx,"Redoxní rovnice - disproporcionace, synproporcionace",prezentace,5.11.2013,3.10.2013,6. A,Chemie,Chemické výpočty,VG2,Vladana Špůrková,,,,
9,VY_32_INOVACE_Ch0309,pptx,Redoxní rovnice - vyšší obtížnost,prezentace,12.11.2013,4.10.2013,6. A,Chemie,Chemické výpočty,VG2,Vladana Špůrková,,,,
10,VY_32_INOVACE_Ch0310,pptx,Zkrácený iontový zápis,prezentace,19.11.2013,10.10.2013,6. A,Chemie,Chemické výpočty,VG2,Vladana Špůrková,,,,
11,VY_32_INOVACE_Ch0311,pptx,Výpočty z chemických rovnic,prezentace,26.11.2013,17.10.2013,6. A,Chemie,Chemické výpočty,VG2,Vladana Špůrková,,,,
12,VY_32_INOVACE_Ch0312,pptx,Výpočty z chemických rovnic - roztoky,prezentace,2.12.2013,18.10.2013,6. A,Chemie,Chemické výpočty,VG2,Vladana Špůrková,,,,
13,VY_32_INOVACE_Ch0313,pptx,Výpočty z chemických rovnic - nadbytek,prezentace,4.12.2013,24.10.2013,6. A,Chemie,Chemické výpočty,VG2,Vladana Špůrková,,,,
14,VY_32_INOVACE_Ch0314,pptx,Termochemie - 1. a 2. termochemický zákon,prezentace,11.12.2013,4.11.2013,6. A,Chemie,Chemické výpočty,VG2,Vladana Špůrková,,,,
15,VY_32_INOVACE_Ch0315,pptx,Termochemie - slučovací a spalné teplo,prezentace,18.12.2013,11.11.2013,6. A,Chemie,Chemické výpočty,VG2,Vladana Špůrková,,,,
16,VY_32_INOVACE_Ch0316,pptx,Srážecí rovnováhy,prezentace,15.2.2014,28.2.2014,6. A,Chemie,Chemické výpočty,VG2,Vladana Špůrková,,,,
17,VY_32_INOVACE_Ch0317,pptx,Výpočty pH,prezentace,6.2.2014,10.1.2014,6. A,Chemie,Chemické výpočty,VG2,Vladana Špůrková,,,,
18,VY_32_INOVACE_Ch0318,pptx,Výpočty základních veličin,prezentace,10.10.2013,16.10.2013,1. A,Chemie,Chemické výpočty,VG1,Vladana Špůrková,,,,
19,VY_32_INOVACE_Ch0319,pptx,Výpočty z chemického vzorce,prezentace,16.1.2013,8.1.2014,1. A,Chemie,Chemické výpočty,VG1,Vladana Špůrková,,,,
20,VY_32_INOVACE_Ch0320,pptx,Výpočty chemického vzorce,prezentace,23.1.2013,20.1.2014,1. A,Chemie,Chemické výpočty,VG1,Vladana Špůrková,,0,0,
1,VY_32_INOVACE_M0101,pdf,Vzájemná poloha přímek v E3,prezentace,,10.4.2014,7.A,Matematika,Analytická geometrie,VG3,Jaroslav Hajtmar,_pl_ag_vzajemna_poloha_primek_v_e3.tex,1,1,
2,VY_32_INOVACE_M0102,pdf,Vzájemná poloha přímky a roviny,prezentace,,29.4.2014,7.A,Matematika,Analytická geometrie,VG3,Jaroslav Hajtmar,_pl_ag_vzajemna_poloha_primky_a_roviny.tex,,,
3,VY_32_INOVACE_M0103,pdf,Vzájemná poloha rovin,prezentace,,2.5.2014,7.A,Matematika,Analytická geometrie,VG3,Jaroslav Hajtmar,_pl_ag_vzajemna_poloha_rovin.tex,,,
4,VY_32_INOVACE_M0104,pdf,Odchylka přímek v E3,prezentace,,3.4.2014,7.A,Matematika,Analytická geometrie,VG3,Jaroslav Hajtmar,_pr_ag_odchylka_primek_v_e3.tex,,,
5,VY_32_INOVACE_M0105,pdf,Odchylka přímky a roviny,prezentace,,6.5.2014,7.A,Matematika,Analytická geometrie,VG3,Jaroslav Hajtmar,_pr_ag_odchylka_primky_a_roviny.tex,,,
6,VY_32_INOVACE_M0106,pdf,Odchylka rovin,prezentace,,9.5.2014,7.A,Matematika,Analytická geometrie,VG3,Jaroslav Hajtmar,_pr_ag_odchylka_rovin.tex,,,
7,VY_32_INOVACE_M0107,pdf,Vzdálenost bodu od roviny,prezentace,,14.5.2014,7.A,Matematika,Analytická geometrie,VG3,Jaroslav Hajtmar,_pr_ag_vzdalenost_bodu_od_roviny.tex,,,
8,VY_32_INOVACE_M0108,pdf,Vzdálenost bodu od přímky,prezentace,,23.5.2014,7.A,Matematika,Analytická geometrie,VG3,Jaroslav Hajtmar,_pr_ag_vzdalenost_bodu_od_primky_v_e3.tex,,,
9,VY_32_INOVACE_M0109,pdf,Vzdálenost mimoběžek,prezentace,,27.5.2014,7.A,Matematika,Analytická geometrie,VG3,Jaroslav Hajtmar,_pr_ag_vzdalenost_mimobezek.tex,,,
10,VY_32_INOVACE_M0110,pdf,Autotest: Metrické úlohy v E3,prezentace,,19.6.2014,7.A,Matematika,Analytická geometrie,VG3,Jaroslav Hajtmar,_at_ag_metricke_ulohy_v_e3.tex,,,
11,VY_32_INOVACE_M0111,pdf,Kuželosečky - úvod do tématu,prezentace,,29.5.2014,7.A,Matematika,Analytická geometrie,VG3,Jaroslav Hajtmar,_pr_ag_kuzelosecky.tex,,,
12,VY_32_INOVACE_M0112,pdf,Kružnice - prezentace,prezentace,,30.5.2014,7.A,Matematika,Analytická geometrie,VG3,Jaroslav Hajtmar,_pr_ag_kruznice.tex,,,
13,VY_32_INOVACE_M0113,pdf,Kružnice - pracovní list,test,,3.6.2014,7.A,Matematika,Analytická geometrie,VG3,Jaroslav Hajtmar,_pl_ag_kruznice.tex,,,
14,VY_32_INOVACE_M0114,pdf,Elipsa - prezentace,test,,5.6.2014,7.A,Matematika,Analytická geometrie,VG3,Jaroslav Hajtmar,_pr_ag_elipsa.tex,,,
15,VY_32_INOVACE_M0115,pdf,Elipsa - pracovní list,test,,6.6.2014,7.A,Matematika,Analytická geometrie,VG3,Jaroslav Hajtmar,_pl_ag_elipsa.tex,,,
16,VY_32_INOVACE_M0116,pdf,Parabola - prezentace,test,,11.6.2014,7.A,Matematika,Analytická geometrie,VG3,Jaroslav Hajtmar,_pr_ag_parabola.tex,,,
17,VY_32_INOVACE_M0117,pdf,Parabola - pracovní list,test,,12.6.2014,7.A,Matematika,Analytická geometrie,VG3,Jaroslav Hajtmar,_pl_ag_parabola.tex,,,
18,VY_32_INOVACE_M0118,pdf,Hyperbola - prezentace,test,,17.6.2014,7.A,Matematika,Analytická geometrie,VG3,Jaroslav Hajtmar,_pr_ag_hyperbola.tex,,,
19,VY_32_INOVACE_M0119,pdf,Hyperbola - pracovní list,prezentace,,18.6.2014,7.A,Matematika,Analytická geometrie,VG3,Jaroslav Hajtmar,_pl_ag_hyperbola.tex,,,
20,VY_32_INOVACE_M0120,pdf,Autotest: Kuželosečky,test,,20.6.2014,7.A,Matematika,Analytická geometrie,VG3,Jaroslav Hajtmar,_at_ag_kuzelosecky.tex,,0,
1,VY_32_INOVACE_M0201,pdf,Limita - zavedení pojmu,Prezentace,,16.9.2013,"4.A, 8.A",Matematika,Diferenciální počet,VG4,Jaroslav Hajtmar,_pr_limita_funkce01.tex,,1,
2,VY_32_INOVACE_M0202,pdf,Vlastní a nevlastní limity ve vlastním bodě,Prezentace,,18.9.2013,"4.A, 8.A",Matematika,Diferenciální počet,VG4,Jaroslav Hajtmar,_pr_limita_funkce02.tex,,,
3,VY_32_INOVACE_M0203,pdf,Počítání s nevlastními hodnotami,,,18.9.2013,"4.A, 8.A",Matematika,Diferenciální počet,VG4,Jaroslav Hajtmar,_pr_limita_funkce03.tex,,,
4,VY_32_INOVACE_M0204,pdf,Vlastní a nevlastní limity ve vlastních a nevlastních bodech,,,9.10.2013,"4.A, 8.A",Matematika,Diferenciální počet,VG4,Jaroslav Hajtmar,_pr_limita_funkce04.tex,,,
5,VY_32_INOVACE_M0205,pdf,Geometrický význam nevlastní limity ve vlastním bodě,Prezentace,,9.10.2013,"4.A, 8.A",Matematika,Diferenciální počet,VG4,Jaroslav Hajtmar,_pl_limita_svisle_asymptoty.tex,,,
6,VY_32_INOVACE_M0206,pdf,Geometrický význam vlastní limity v nevlastním bodě,Prezentace,,7.10.2013,"4.A, 8.A",Matematika,Diferenciální počet,VG4,Jaroslav Hajtmar,_pl_limita_vodorovne_asymptoty.tex,,,
7,VY_32_INOVACE_M0207,pdf,Geometrický význam nevlastní limity v nevlastním bodě,Prezentace,,14.10.2013,"4.A, 8.A",Matematika,Diferenciální počet,VG4,Jaroslav Hajtmar,_pl_limita_sikme_asymptoty.tex,,,
8,VY_32_INOVACE_M0208,pdf,Užití dalších základních limit,Test,,14.10.2013,"4.A, 8.A",Matematika,Diferenciální počet,VG4,Jaroslav Hajtmar,_pl_limita_exp_funkci.tex,,,
9,VY_32_INOVACE_M0209,pdf,Odhady limit užitím grafů funkcí,,,16.10.2013,"4.A, 8.A",Matematika,Diferenciální počet,VG4,Jaroslav Hajtmar,_pl_limita_odhady_limit.tex,,,
10,VY_32_INOVACE_M0210,pdf,Autotest: Limita funkce,,,21.10.2013,"4.A, 8.A",Matematika,Diferenciální počet,VG4,Jaroslav Hajtmar,_at_limita_funkce.tex,,,
11,VY_32_INOVACE_M0211,pdf,Derivace funkce - zavedení pojmu,,,23.10.2013,"4.A, 8.A",Matematika,Diferenciální počet,VG4,Jaroslav Hajtmar,_pr_derivace_funkce01.tex,,,
12,VY_32_INOVACE_M0212,pdf,Logaritmická derivace,Prezentace,,6.11.2013,"4.A, 8.A",Matematika,Diferenciální počet,VG4,Jaroslav Hajtmar,_pl_derivace_logaritmicka_derivace.tex,,,
13,VY_32_INOVACE_M0213,pdf,Derivace funkce dané implicitně,Prezentace,,20.11.2013,"4.A, 8.A",Matematika,Diferenciální počet,VG4,Jaroslav Hajtmar,_pl_derivace_implicitni_funkce.tex,,,
14,VY_32_INOVACE_M0214,pdf,Aplikace derivací - výpočet limit l`Hospitalovým pravidlem,,,25.11.2013,"4.A, 8.A",Matematika,Diferenciální počet,VG4,Jaroslav Hajtmar,_pl_derivace_limita_hospitalovo_pravidlo.tex,,,
15,VY_32_INOVACE_M0215,pdf,Aplikace derivací - monotonnost,Prezentace,,27.11.2013,"4.A, 8.A",Matematika,Diferenciální počet,VG4,Jaroslav Hajtmar,_pl_derivace_monotonnost.tex,,,
16,VY_32_INOVACE_M0216,pdf,Aplikace derivací - výpočet lokálních extrémů,Prezentace,,4.12.2013,"4.A, 8.A",Matematika,Diferenciální počet,VG4,Jaroslav Hajtmar,_pl_derivace_lokalni_extremy.tex,,,
17,VY_32_INOVACE_M0217,pdf,Aplikace derivací - konvexnost a konkávnost,Prezentace,,5.12.2013,"4.A, 8.A",Matematika,Diferenciální počet,VG4,Jaroslav Hajtmar,_pl_derivace_konvexnost_konkavnost.tex,,,
18,VY_32_INOVACE_M0218,pdf,Aplikace limit a derivací: Průběh funkce,Test,,16.12.2013,"4.A, 8.A",Matematika,Diferenciální počet,VG4,Jaroslav Hajtmar,_pl_derivace_prubeh_funkce.tex,,,
19,VY_32_INOVACE_M0219,pdf,Přehled základních úloh o funkci a jejím grafu,"Prezentace, animace",,18.12.2013,"4.A, 8.A",Matematika,Diferenciální počet,VG4,Jaroslav Hajtmar,_pl_derivace_prubeh_funkce-tabulka.tex,,,
20,VY_32_INOVACE_M0220,pdf,Autotest: Derivace a její aplikace,Prezentace,,13.1.2014,"4.A, 8.A",Matematika,Diferenciální počet,VG4,Jaroslav Hajtmar,_at_derivace_funkce.tex,,0,
1,VY_32_INOVACE_M0301,pdf,Primitivní funkce - zavedení pojmu,prezentace,,6.1.2014,"4.A, 8.A",Matematika,Integrální počet,VG4,Jaroslav Hajtmar,_pr_integral_primitivni_funkce.tex,,1,
2,VY_32_INOVACE_M0302,pdf,Substituční metoda,test,,22.1.2014,"4.A, 8.A",Matematika,Integrální počet,VG4,Jaroslav Hajtmar,_pl_integral_substitucni_metoda.tex,,,
3,VY_32_INOVACE_M0303,pdf,Substituce vedoucí k řešení integrálu vedoucího k výsledku arcsin x,prezentace,,22.1.2014,"4.A, 8.A",Matematika,Integrální počet,VG4,Jaroslav Hajtmar,_pr_integral_substituce_arcsin.tex,,,
4,VY_32_INOVACE_M0304,pdf,Substituce vedoucí k řešení integrálu vedoucího k výsledku arctg x,prezentace,,27.1.2014,"4.A, 8.A",Matematika,Integrální počet,VG4,Jaroslav Hajtmar,_pr_integral_substituce_arctg.tex,,,
5,VY_32_INOVACE_M0305,pdf,Metoda per partes,test,,27.1.2014,"4.A, 8.A",Matematika,Integrální počet,VG4,Jaroslav Hajtmar,_pl_integral_per_partes.tex,,,
6,VY_32_INOVACE_M0306,pdf,Rozklad na parciální zlomky,prezentace,,10.2.2014,"4.A, 8.A",Matematika,Integrální počet,VG4,Jaroslav Hajtmar,_pl_integral_rozklad_na_parcialni_zlomky.tex,,,
7,VY_32_INOVACE_M0307,pdf,Integrace racionálních lomených funkcí s rozložitelným jmenovatelem,test,,10.2.2014,"4.A, 8.A",Matematika,Integrální počet,VG4,Jaroslav Hajtmar,_pl_integral_racionalni_lomena_funkce01.tex,,,
8,VY_32_INOVACE_M0308,pdf,Integrace racionálních lomených funkcí s nerozložitelným jmenovatelem,test,,12.2.2014,"4.A, 8.A",Matematika,Integrální počet,VG4,Jaroslav Hajtmar,_pl_integral_racionalni_lomena_funkce02.tex,,,
9,VY_32_INOVACE_M0309,pdf,Určitý integrál - zavedení pojmu,prezentace,,17.2.2014,"4.A, 8.A",Matematika,Integrální počet,VG4,Jaroslav Hajtmar,_pr_integral_urcity_integral01.tex,,,
10,VY_32_INOVACE_M0310,pdf,Autotest: Primitivní funkce a neurčitý integrál,prezentace,,19.2.2014,"4.A, 8.A",Matematika,Integrální počet,VG4,Jaroslav Hajtmar,_at_integral_primitivni_funkce_neurcity_integral.tex,,,
11,VY_32_INOVACE_M0311,pdf,Substituce v určitém integrálu,test,,24.2.2014,"4.A, 8.A",Matematika,Integrální počet,VG4,Jaroslav Hajtmar,_pl_integral_substituce_v_urcitem_integralu.tex,,,
12,VY_32_INOVACE_M0312,pdf,Obsah plochy omezené křivkou,prezentace,,26.2.2014,"4.A, 8.A",Matematika,Integrální počet,VG4,Jaroslav Hajtmar,_pr_integral_obsah_plochy_omezene_krivkou.tex,,,
13,VY_32_INOVACE_M0313,pdf,Autotest: Aplikace určitého integrálu - obsah rovinné oblasti,prezentace,,3.3.2014,"4.A, 8.A",Matematika,Integrální počet,VG4,Jaroslav Hajtmar,_at_integral_aplikace_obsah_plochy.tex,,,
14,VY_32_INOVACE_M0314,pdf,Objem rotačního tělesa,prezentace,,5.3.2014,"4.A, 8.A",Matematika,Integrální počet,VG4,Jaroslav Hajtmar,_pr_integral_objem_rotacniho_telesa.tex,,,
15,VY_32_INOVACE_M0315,pdf,Autotest: Aplikace určitého integrálu - objem rotačního tělesa,prezentace,,10.3.2014,"4.A, 8.A",Matematika,Integrální počet,VG4,Jaroslav Hajtmar,_at_integral_aplikace_objem_rotacniho_telesa.tex,,,
16,VY_32_INOVACE_M0316,pdf,Délka oblouku křivky,prezentace,,12.3.2014,"4.A, 8.A",Matematika,Integrální počet,VG4,Jaroslav Hajtmar,_pl_integral_delka_krivky.tex,,,
17,VY_32_INOVACE_M0317,pdf,Povrch rotačního tělesa,test,,17.3.2014,"4.A, 8.A",Matematika,Integrální počet,VG4,Jaroslav Hajtmar,_pr_integral_povrch_rotacniho_telesa.tex,,,
18,VY_32_INOVACE_M0318,pdf,Nevlastní integrál vlivem meze,prezentace,,19.3.2014,"4.A, 8.A",Matematika,Integrální počet,VG4,Jaroslav Hajtmar,_pr_integral_nevlastni_vlivem_meze.tex,,,
19,VY_32_INOVACE_M0319,pdf,Nevlastní integrál vlivem funkce,prezentace,,24.3.2014,"4.A, 8.A",Matematika,Integrální počet,VG4,Jaroslav Hajtmar,_pr_integral_nevlastni_vlivem_funkce.tex,,,
20,VY_32_INOVACE_M0320,pdf,Autotest: Nevlastní integrál,test,,26.3.2014,"4.A, 8.A",Matematika,Integrální počet,VG4,Jaroslav Hajtmar,_at_integral_nevlastni_integral.tex,0,0,
1,VY_32_INOVACE_ICT0101,pdf,Přímé programování robota - jízda vpřed a vzad,pracovní list,30.3.2013,23.4.2014,G1.A,ICT,Programování a algoritmizace (LEGO roboti),NG1,Pavlína Horáčková,,1,1,
2,VY_32_INOVACE_ICT0102,pdf,Přímé programování robota - jízda do čtverce,pracovní list,30.3.2013,23.4.2014,G1.A,ICT,Programování a algoritmizace (LEGO roboti),NG1,Pavlína Horáčková,,,,
3,VY_32_INOVACE_ICT0103,pdf,Přímé programování robota - reakce na překážku,pracovní list,30.3.2013,23.4.2014,G1.A,ICT,Programování a algoritmizace (LEGO roboti),NG1,Pavlína Horáčková,,,,
4,VY_32_INOVACE_ICT0104,pdf,Přímé programování robota - reakce na zvuk,pracovní list,30.3.2013,30.4.2014,G1.A,ICT,Programování a algoritmizace (LEGO roboti),NG1,Pavlína Horáčková,,,,
5,VY_32_INOVACE_ICT0105,pdf,NXT programování robota - jízda vpřed a vzad,pracovní list,30.3.2013,7.5.2014,G1.A,ICT,Programování a algoritmizace (LEGO roboti),NG1,Pavlína Horáčková,,,,
6,VY_32_INOVACE_ICT0106,pdf,NXT programování robota - jízda do čtverce,pracovní list,30.3.2013,7.5.2014,G1.A,ICT,Programování a algoritmizace (LEGO roboti),NG1,Pavlína Horáčková,,,,
7,VY_32_INOVACE_ICT0107,pdf,NXT programování robota - jízda do kruhu,pracovní list,30.3.2013,14.5.2014,G1.A,ICT,Programování a algoritmizace (LEGO roboti),NG1,Pavlína Horáčková,,,,
8,VY_32_INOVACE_ICT0108,pdf,NXT programování robota - reakce na překážku (tlakový senzor),pracovní list,30.3.2013,14.5.2014,G1.A,ICT,Programování a algoritmizace (LEGO roboti),NG1,Pavlína Horáčková,,,,
9,VY_32_INOVACE_ICT0109,pdf,NXT programování robota - reakce na zvuk (zrychlení),pracovní list,30.3.2013,4.6.2014,G1.A,ICT,Programování a algoritmizace (LEGO roboti),NG1,Pavlína Horáčková,,,,
10,VY_32_INOVACE_ICT0110,pdf,NXT programování robota - reakce na zvuk (tanec),pracovní list,30.3.2013,4.6.2014,G1.A,ICT,Programování a algoritmizace (LEGO roboti),NG1,Pavlína Horáčková,,,,
11,VY_32_INOVACE_ICT0111,pdf,NXT programování robota - reakce na vzdálenost (ultrazvukový senzor),pracovní list,30.3.2013,6.6.2014,G1.A,ICT,Programování a algoritmizace (LEGO roboti),NG1,Pavlína Horáčková,,,,
12,VY_32_INOVACE_ICT0112,pdf,NXT programování robota - nalezení černé čáry,pracovní list,30.3.2013,6.6.2014,G1.A,ICT,Programování a algoritmizace (LEGO roboti),NG1,Pavlína Horáčková,,,,
13,VY_32_INOVACE_ICT0113,pdf,NXT programování robota - jízda po čáře,pracovní list,30.3.2013,11.6.2014,G1.A,ICT,Programování a algoritmizace (LEGO roboti),NG1,Pavlína Horáčková,,,,
14,VY_32_INOVACE_ICT0114,pdf,NXT programování robota - rozpoznávání barev,pracovní list,30.3.2013,11.6.2014,G1.A,ICT,Programování a algoritmizace (LEGO roboti),NG1,Pavlína Horáčková,,,,
15,VY_32_INOVACE_ICT0115,pdf,NXT programování robota - měření reakční doby,pracovní list,30.3.2013,13.6.2014,G1.A,ICT,Programování a algoritmizace (LEGO roboti),NG1,Pavlína Horáčková,,,,
16,VY_32_INOVACE_ICT0116,pdf,NXT programování robota - výpis textu,pracovní list,30.3.2013,28.5.2014,G1.A,ICT,Programování a algoritmizace (LEGO roboti),NG1,Pavlína Horáčková,,,,
17,VY_32_INOVACE_ICT0117,pdf,NXT programování robota - generování zvuku,pracovní list,30.3.2013,28.5.2014,G1.A,ICT,Programování a algoritmizace (LEGO roboti),NG1,Pavlína Horáčková,,,,
18,VY_32_INOVACE_ICT0118,pdf,NXT programování robota - vlastní příkazové moduly,pracovní list,30.3.2013,13.6.2014,G1.A,ICT,Programování a algoritmizace (LEGO roboti),NG1,Pavlína Horáčková,,,,
19,VY_32_INOVACE_ICT0119,pdf,NXT programování robota - detekce objektu,pracovní list,30.3.2013,18.6.2014,G1.A,ICT,Programování a algoritmizace (LEGO roboti),NG1,Pavlína Horáčková,,,,
20,VY_32_INOVACE_ICT0120,pdf,NXT programování robota - přeprava objektu,pracovní list,30.3.2013,18.6.2014,G1.A,ICT,Programování a algoritmizace (LEGO roboti),NG1,Pavlína Horáčková,,0,0,
1,VY_32_INOVACE_Z0101,ppt,Biosféra - flóra,prezentace,15.1.2013,7.1.2013,1.A,Zeměpis,"Přírodní zóny Země, světové obyvatelstvo",VG1,Milan Kratochvíl,,1,1,
2,VY_32_INOVACE_Z0102,ppt,Biosféra - fauna,prezentace,15.1.2013,14.1.2013,1.A,Zeměpis,"Přírodní zóny Země, světové obyvatelstvo",VG1,Milan Kratochvíl,,,,
3,VY_32_INOVACE_Z0103,doc,Biosféra - flóra a fauna,pracovní list,28.2.2013,28.2.2013,1.A,Zeměpis,"Přírodní zóny Země, světové obyvatelstvo",VG1,Milan Kratochvíl,,,,
4,VY_32_INOVACE_Z0104,ppt,Tropický pás,prezentace,31.1.2013,21.1.2013,1.A,Zeměpis,"Přírodní zóny Země, světové obyvatelstvo",VG1,Milan Kratochvíl,,,,
5,VY_32_INOVACE_Z0105,ppt,Vlhké tropy,prezentace,31.1.2013,24.1.2013,1.A,Zeměpis,"Přírodní zóny Země, světové obyvatelstvo",VG1,Milan Kratochvíl,,,,
6,VY_32_INOVACE_Z0106,ppt,Střídavě vlhké tropy,prezentace,31.1.2013,28.1.2013,1.A,Zeměpis,"Přírodní zóny Země, světové obyvatelstvo",VG1,Milan Kratochvíl,,,,
7,VY_32_INOVACE_Z0107,ppt,Pouště tropů a subtropů,prezentace,15.2.2013,4.2.2013,1.A,Zeměpis,"Přírodní zóny Země, světové obyvatelstvo",VG1,Milan Kratochvíl,,,,
8,VY_32_INOVACE_Z0108,ppt,Problémy tropických oblastí,prezentace,15.2.2013,7.2.2013,1.A,Zeměpis,"Přírodní zóny Země, světové obyvatelstvo",VG1,Milan Kratochvíl,,,,
9,VY_32_INOVACE_Z0109,doc,Tropy,pracovní list,15.2.2013,11.2.2013,1.A,Zeměpis,"Přírodní zóny Země, světové obyvatelstvo",VG1,Milan Kratochvíl,,,,
10,VY_32_INOVACE_Z0110,ppt,Subtropy s obdobím zimních dešťů,prezentace,28.2.2013,13.2.2013,1.A,Zeměpis,"Přírodní zóny Země, světové obyvatelstvo",VG1,Milan Kratochvíl,,,,
11,VY_32_INOVACE_Z0111,ppt,Subtropy s obdobím letních dešťů,prezentace,28.2.2013,14.2.2013,1.A,Zeměpis,"Přírodní zóny Země, světové obyvatelstvo",VG1,Milan Kratochvíl,,,,
12,VY_32_INOVACE_Z0112,doc,Subtropy,pracovní list,28.2.2013,25.2.2013,1.A,Zeměpis,"Přírodní zóny Země, světové obyvatelstvo",VG1,Milan Kratochvíl,,,,
13,VY_32_INOVACE_Z0113,ppt,Pouště a stepi mírného pásu,prezentace,15.3.2013,27.2.2013,1.A,Zeměpis,"Přírodní zóny Země, světové obyvatelstvo",VG1,Milan Kratochvíl,,,,
14,VY_32_INOVACE_Z0114,ppt,Lesy mírných šířek,prezentace,15.3.2013,4.3.2013,1.A,Zeměpis,"Přírodní zóny Země, světové obyvatelstvo",VG1,Milan Kratochvíl,,,,
15,VY_32_INOVACE_Z0115,ppt,Subpolární a polární oblasti,prezentace,15.3.2013,7.3.2013,1.A,Zeměpis,"Přírodní zóny Země, světové obyvatelstvo",VG1,Milan Kratochvíl,,,,
16,VY_32_INOVACE_Z0116,doc,"Mírný, subpolární a polární pás ",pracovní list,15.3.2013,18.3.2013,1.A,Zeměpis,"Přírodní zóny Země, světové obyvatelstvo",VG1,Milan Kratochvíl,,,,
17,VY_32_INOVACE_Z0117,ppt,"Světové obyvatelstvo - rozmístění,migrace",prezentace,31.3.2013,20.3.2013,1.A,Zeměpis,"Přírodní zóny Země, světové obyvatelstvo",VG1,Milan Kratochvíl,,,,
18,VY_32_INOVACE_Z0118,doc,"Světové obyvatelstvo - rozmístění,migrace",pracovní list,31.3.2013,21.3.2013,1.A,Zeměpis,"Přírodní zóny Země, světové obyvatelstvo",VG1,Milan Kratochvíl,,,,
19,VY_32_INOVACE_Z0119,ppt,"Světové obyvatelstvo - rasy, národy",prezentace,31.3.2013,25.3.2013,1.A,Zeměpis,"Přírodní zóny Země, světové obyvatelstvo",VG1,Milan Kratochvíl,,,,
20,VY_32_INOVACE_Z0120,doc,"Světové obyvatelstvo - rasy, národy",pracovní list,31.3.2013,27.3.2013,1.A,Zeměpis,"Přírodní zóny Země, světové obyvatelstvo",VG1,Milan Kratochvíl,,,0,
1,VY_32_INOVACE_Z0201,pptx,"ČR - poloha, rozloha, přírodní nej",prezentace,,"24., 27.2.2014",6. A,Zeměpis,Česká republika,VG2,Zdeněk Zimmermann,,,1,
2,VY_32_INOVACE_Z0202,pptx,ČR - geologie a geomorfologie,prezentace,,"4., 10.3.2014",6. A,Zeměpis,Česká republika,VG2,Zdeněk Zimmermann,,,,
3,VY_32_INOVACE_Z0203,pptx,ČR - podnebí,prezentace,,13.3.2014,6. A,Zeměpis,Česká republika,VG2,Zdeněk Zimmermann,,,,
4,VY_32_INOVACE_Z0204,pptx,ČR - vodstvo,prezentace,,"17., 20.3.2014",6. A,Zeměpis,Česká republika,VG2,Zdeněk Zimmermann,,,,
5,VY_32_INOVACE_Z0205,pptx,ČR - půdy,prezentace,,24.3.2014,6. A,Zeměpis,Česká republika,VG2,Zdeněk Zimmermann,,,,
6,VY_32_INOVACE_Z0206,pptx,ČR - ochrana přírody,prezentace,,31.3.2014,6. A,Zeměpis,Česká republika,VG2,Zdeněk Zimmermann,,,,
7,VY_32_INOVACE_Z0207,pptx,ČR - obyvatelstvo,prezentace,,7.4.2014,6. A,Zeměpis,Česká republika,VG2,Zdeněk Zimmermann,,,,
8,VY_32_INOVACE_Z0208,pptx,ČR – sídla a administrativní členění,prezentace,,"10., 14.4.2014",6. A,Zeměpis,Česká republika,VG2,Zdeněk Zimmermann,,,,
9,VY_32_INOVACE_Z0209,pptx,ČR - hospodářství I.,prezentace,,"24., 28.4.2014",6. A,Zeměpis,Česká republika,VG2,Zdeněk Zimmermann,,,,
10,VY_32_INOVACE_Z0210,pptx,ČR - hospodářství II.,prezentace,,12.5.2014,6. A,Zeměpis,Česká republika,VG2,Zdeněk Zimmermann,,,,
11,VY_32_INOVACE_Z0211,pptx,ČR - hospodářství III.,prezentace,,22.5.2014,6. A,Zeměpis,Česká republika,VG2,Zdeněk Zimmermann,,,,
12,VY_32_INOVACE_Z0212,pptx,ČR - doprava,prezentace,,26.5.2014,6. A,Zeměpis,Česká republika,VG2,Zdeněk Zimmermann,,,,
13,VY_32_INOVACE_Z0213,pptx,ČR - cestovní ruch,prezentace,,28.5.2014,2. A,Zeměpis,Česká republika,VG2,Zdeněk Zimmermann,,,,
14,VY_32_INOVACE_Z0214,pptx,ČR - Praha a Středočeský kraj,prezentace,,2.6.2014,6. A,Zeměpis,Česká republika,VG2,Zdeněk Zimmermann,,,,
15,VY_32_INOVACE_Z0215,pptx,ČR - Jihočeský kraj a  Plzeňský kraj,prezentace,,9.6.2014,6. A,Zeměpis,Česká republika,VG2,Zdeněk Zimmermann,,,,
16,VY_32_INOVACE_Z0216,pptx,ČR - Karlovarský kraj a Ústecký kraj,prezentace,,4.6.2014,2. A,Zeměpis,Česká republika,VG2,Zdeněk Zimmermann,,,,
17,VY_32_INOVACE_Z0217,pptx,ČR - Liberecký kraj a Královehradecký kraj,prezentace,,11.6.2014,2. A,Zeměpis,Česká republika,VG2,Zdeněk Zimmermann,,,,
18,VY_32_INOVACE_Z0218,pptx,ČR - Pardubický kraj a kraj Vysočina,prezentace,,12.6.2014,6. A,Zeměpis,Česká republika,VG2,Zdeněk Zimmermann,,,,
19,VY_32_INOVACE_Z0219,pptx,ČR - Jihomoravský kraj a Zlínský kraj,prezentace,,13.6.2014,2. A,Zeměpis,Česká republika,VG2,Zdeněk Zimmermann,,,,
20,VY_32_INOVACE_Z0220,pptx,ČR - Moravskoslezský kraj a Olomoucký kraj,prezentace,,16.6.2014,6. A,Zeměpis,Česká republika,VG2,Zdeněk Zimmermann,,0,0,
1,VY_32_INOVACE_ZSV0101,pptx,Menšiny žijící v ČR - Číňané,prezentace,28.2.2013,17.12.2012,6.A,Základy společenských věd,Sociologie,VG2,Michaela Osladilová,,1,1,
2,VY_32_INOVACE_ZSV0102,pptx,Menšiny žijící v ČR - Mongolové,prezentace,28.2.2013,14.1.2013,6.A,Základy společenských věd,Sociologie,VG2,Michaela Osladilová,,,,
3,VY_32_INOVACE_ZSV0103,pptx,Menšiny žijící v ČR - Rusové,prezentace,28.2.2013,23.1.2013,6.A,Základy společenských věd,Sociologie,VG2,Michaela Osladilová,,,,
4,VY_32_INOVACE_ZSV0104,pptx,Menšiny žijící v ČR - Vietnamci,prezentace,28.2.2013,9.1.2013,6.A,Základy společenských věd,Sociologie,VG2,Michaela Osladilová,,,,
5,VY_32_INOVACE_ZSV0105,pptx,Menšiny žijící v ČR - Romové,prezentace,28.2.2013,21.1.2013,6.A,Základy společenských věd,Sociologie,VG2,Michaela Osladilová,,,,
6,VY_32_INOVACE_ZSV0106,pptx,Menšiny žijící v ČR – obyvatelé Zakavkazska,prezentace,28.2.2013,28.11.2012,6.A,Základy společenských věd,Sociologie,VG2,Michaela Osladilová,,,,
7,VY_32_INOVACE_ZSV0107,pptx,Menšiny žijící v ČR - Ukrajinci,prezentace,28.2.2013,16.1.2013,6.A,Základy společenských věd,Sociologie,VG2,Michaela Osladilová,,,,
8,VY_32_INOVACE_ZSV0108,pptx,Legální drogy,prezentace,28.2.2013,18.2.2013,6.A,Základy společenských věd,Sociologie,VG2,Michaela Osladilová,,,,
9,VY_32_INOVACE_ZSV0109,pptx,Ilegální drogy,prezentace,28.2.2013,25.2.2013,6.A,Základy společenských věd,Sociologie,VG2,Michaela Osladilová,,,,
10,VY_32_INOVACE_ZSV0110,pptx,Homosexualita,prezentace,28.2.2013,4.2.2013,6.A,Základy společenských věd,Sociologie,VG2,Michaela Osladilová,,,,
11,VY_32_INOVACE_ZSV0111,pptx,Genderová problematika,prezentace,28.2.2013,28.1.2013,6.A,Základy společenských věd,Sociologie,VG2,Michaela Osladilová,,,,
12,VY_32_INOVACE_ZSV0112,pptx,Domácí násilí,prezentace,28.2.2013,11.2.2013,6.A,Základy společenských věd,Sociologie,VG2,Michaela Osladilová,,,,
13,VY_32_INOVACE_ZSV0113,pptx,Vlčí děti,prezentace,28.2.2013,26.9.2012,6.A,Základy společenských věd,Sociologie,VG2,Michaela Osladilová,,,,
14,VY_32_INOVACE_ZSV0114,pptx,Sociální komunikace,prezentace,28.2.2013,1.10.2012,6.A,Základy společenských věd,Sociologie,VG2,Michaela Osladilová,,,,
15,VY_32_INOVACE_ZSV0115,pptx,Kultura,prezentace,28.2.2013,24.10.2012,6.A,Základy společenských věd,Sociologie,VG2,Michaela Osladilová,,,,
16,VY_32_INOVACE_ZSV0116,pptx,Životní cyklus,prezentace,28.2.2013,7.11.2012,6.A,Základy společenských věd,Sociologie,VG2,Michaela Osladilová,,,,
17,VY_32_INOVACE_ZSV0117,pptx,Sociální skupiny,prezentace,28.2.2013,10.10.2012,6.A,Základy společenských věd,Sociologie,VG2,Michaela Osladilová,,,,
18,VY_32_INOVACE_ZSV0118,pptx,"Netolerance, xenofobie, rasismus",prezentace,28.2.2013,19.11.2012,6.A,Základy společenských věd,Sociologie,VG2,Michaela Osladilová,,,,
19,VY_32_INOVACE_ZSV0119,pptx,Teorie primárních skupin,prezentace,28.2.2013,15.10.2012,6.A,Základy společenských věd,Sociologie,VG2,Michaela Osladilová,,,,
20,VY_32_INOVACE_ZSV0120,pptx,Teorie referenčních skupin,prezentace,28.2.2013,22.10.2012,6.A,Základy společenských věd,Sociologie,VG2,Michaela Osladilová,,,0,
1,VY_32_INOVACE_ZSV0201,pptx,Ekonomické statky a služby,prezentace,30.4.2013,27.3.2013,6.A,Základy společenských věd,Ekonomie,VG2,Michaela Osladilová,,,1,
2,VY_32_INOVACE_ZSV0202,pptx,Peníze,prezentace,30.4.2013,4.3.2013,6.A,Základy společenských věd,Ekonomie,VG2,Michaela Osladilová,,,,
3,VY_32_INOVACE_ZSV0203,pptx,Základní tržní kategorie - nabídka,prezentace,30.4.2013,18.3.2013,6.A,Základy společenských věd,Ekonomie,VG2,Michaela Osladilová,,,,
4,VY_32_INOVACE_ZSV0204,pptx,Základní tržní kategorie - poptávka,prezentace,30.4.2013,18.3.2013,6.A,Základy společenských věd,Ekonomie,VG2,Michaela Osladilová,,,,
5,VY_32_INOVACE_ZSV0205,pptx,Základní tržní kategorie - cena,prezentace,30.4.2013,18.3.2013,6.A,Základy společenských věd,Ekonomie,VG2,Michaela Osladilová,,,,
6,VY_32_INOVACE_ZSV0206,pptx,Základní tržní kategorie - konkurence,prezentace,30.4.2013,18.3.2013,6.A,Základy společenských věd,Ekonomie,VG2,Michaela Osladilová,,,,
7,VY_32_INOVACE_ZSV0207,pptx,Bankovní soustava,prezentace,30.4.2013,3.4.2013,6.A,Základy společenských věd,Ekonomie,VG2,Michaela Osladilová,,,,
8,VY_32_INOVACE_ZSV0208,pptx,Česká národní banka,prezentace,30.4.2013,3.4.2013,6.A,Základy společenských věd,Ekonomie,VG2,Michaela Osladilová,,,,
9,VY_32_INOVACE_ZSV0209,pptx,Burza,prezentace,30.4.2013,8.4.2013,6.A,Základy společenských věd,Ekonomie,VG2,Michaela Osladilová,,,,
10,VY_32_INOVACE_ZSV0210,pptx,Práce,prezentace,30.4.2013,15.4.2013,6.A,Základy společenských věd,Ekonomie,VG2,Michaela Osladilová,,,,
11,VY_32_INOVACE_ZSV0211,pptx,Nezaměstnanost,prezentace,30.4.2013,15.4.2013,6.A,Základy společenských věd,Ekonomie,VG2,Michaela Osladilová,,,,
12,VY_32_INOVACE_ZSV0212,pptx,Státní rozpočet,prezentace,30.4.2013,29.4.2013,6.A,Základy společenských věd,Ekonomie,VG2,Michaela Osladilová,,,,
13,VY_32_INOVACE_ZSV0213,pptx,Daně,prezentace,30.4.2013,13.5.2013,6.A,Základy společenských věd,Ekonomie,VG2,Michaela Osladilová,,,,
14,VY_32_INOVACE_ZSV0214,pptx,Daň z přidané hodnoty,prezentace,30.4.2013,13.5.2013,6.A,Základy společenských věd,Ekonomie,VG2,Michaela Osladilová,,,,
15,VY_32_INOVACE_ZSV0215,pptx,Osobní finance - přebytek volných finančních prostředků,prezentace,30.4.2013,25.3.2013,6.A,Základy společenských věd,Ekonomie,VG2,Michaela Osladilová,,,,
16,VY_32_INOVACE_ZSV0216,pptx,Osobní finance - nedostatek volných finančních prostředků,prezentace,30.4.2013,25.3.2013,6.A,Základy společenských věd,Ekonomie,VG2,Michaela Osladilová,,,,
17,VY_32_INOVACE_ZSV0217,pptx,Inflace,prezentace,30.4.2013,26.3.2013,6.A,Základy společenských věd,Ekonomie,VG2,Michaela Osladilová,,,,
18,VY_32_INOVACE_ZSV0218,pptx,Podnikání,prezentace,30.4.2013,17.4.2013,6.A,Základy společenských věd,Ekonomie,VG2,Michaela Osladilová,,,,
19,VY_32_INOVACE_ZSV0219,pptx,Výzmamní čestí ekonomové,prezentace,30.4.2013,10.6.2013,2.A,Základy společenských věd,Ekonomie,VG2,Michaela Osladilová,,,,
20,VY_32_INOVACE_ZSV0220,pptx,Evropská unie - symboly,prezentace,30.4.2013,12.6.2013,2.A,Základy společenských věd,Ekonomie,VG2,Michaela Osladilová,,,0,
1,VY_32_INOVACE_ZSV0301,pptx,Úvod do filozofie,prezentace,7.9.2012,7.9.2012,4.A,Základy společenských věd,Filozofie,VG 4/8,Radka Strašilová,,,1,
2,VY_32_INOVACE_ZSV0302,pptx,Základní filozofická otázka,prezentace,17.9.2012,17.9.2012,4.A,Základy společenských věd,Filozofie,VG 4/8,Radka Strašilová,,,,
3,VY_32_INOVACE_ZSV0303,pptx,Antická filozofie - úvod,prezentace,19.9.2012,19.9.2012,4.A,Základy společenských věd,Filozofie,VG 4/8,Radka Strašilová,,,,
4,VY_32_INOVACE_ZSV0304,pptx,Předsókratovské období antické filozofie,prezentace,"21.9, 1.10.2012",1.10.2012,4.A,Základy společenských věd,Filozofie,VG 4/8,Radka Strašilová,,,,
5,VY_32_INOVACE_ZSV0305,pptx,Sókratovské období antické filozofie,prezentace,5.10.2012,5.10.2012,4.A,Základy společenských věd,Filozofie,VG 4/8,Radka Strašilová,,,,
6,VY_32_INOVACE_ZSV0306,pptx,Sókratés,prezentace,8.10.2012,8.10.2012,4.A,Základy společenských věd,Filozofie,VG 4/8,Radka Strašilová,,,,
7,VY_32_INOVACE_ZSV0307,pptx,"Platón - život, ontologie",prezentace,22.10.2012,22.10.2012,4.A,Základy společenských věd,Filozofie,VG 4/8,Radka Strašilová,,,,
8,VY_32_INOVACE_ZSV0308,pptx,"Platón – nauka o duši, gnoseologie, politologie",prezentace,29.10.2012,29.10.2012,4.A,Základy společenských věd,Filozofie,VG 4/8,Radka Strašilová,,,,
9,VY_32_INOVACE_ZSV0309,pptx,Aristotelés,prezentace,"2. 11., 5. 11., 7. 11.2012",7.11.2012,4.A,Základy společenských věd,Filozofie,VG 4/8,Radka Strašilová,,,,
10,VY_32_INOVACE_ZSV0310,pptx,"Aristotelés - etika, význam, opakování",prezentace,12.11.2012,12.11.2012,4.A,Základy společenských věd,Filozofie,VG 4/8,Radka Strašilová,,,,
11,VY_32_INOVACE_ZSV0311,pptx,"Posókratovské období antické filozofie - úvod, stoicismus",prezentace,19.11.2012,19.11.2012,4.A,Základy společenských věd,Filozofie,VG 4/8,Radka Strašilová,,,,
12,VY_32_INOVACE_ZSV0312,pptx,Epikureismus,prezentace,21.11.2012,21.11.2012,4.A,Základy společenských věd,Filozofie,VG 4/8,Radka Strašilová,,,,
13,VY_32_INOVACE_ZSV0313,pptx,"Filozofie středověku - úvod, periodizace",prezentace,3.12.2012,3.12.2012,4.A,Základy společenských věd,Filozofie,VG 4/8,Radka Strašilová,,,,
14,VY_32_INOVACE_ZSV0314,pptx,Patristika,prezentace,12.12.2012,12.12.2013,4.A,Základy společenských věd,Filozofie,VG 4/8,Radka Strašilová,,,,
15,VY_32_INOVACE_ZSV0315,pptx,"Scholastika, vliv arabské filozofie",prezentace,"9. 1., 14. 1.2013",14.1.2013,4.A,Základy společenských věd,Filozofie,VG 4/8,Radka Strašilová,,,,
16,VY_32_INOVACE_ZSV0316,pptx,"Reformace, novověká filozofie - počátky, periodizace",prezentace,6.2.2013,6.2.2013,4.A,Základy společenských věd,Filozofie,VG 4/8,Radka Strašilová,,,,
17,VY_32_INOVACE_ZSV0317,pptx,Racionalismus,prezentace,15.2.2013,15.2.2013,4.A,Základy společenských věd,Filozofie,VG 4/8,Radka Strašilová,,,,
18,VY_32_INOVACE_ZSV0318,pptx,Empirismus,prezentace,25.2.2013,25.2.2013,4.A,Základy společenských věd,Filozofie,VG 4/8,Radka Strašilová,,,,
19,VY_32_INOVACE_ZSV0319,pptx,Immanuel Kant,prezentace,25.3.2013,25.3.2013,4.A,Základy společenských věd,Filozofie,VG 4/8,Radka Strašilová,,,,
20,VY_32_INOVACE_ZSV0320,pptx,Německý idealismus,prezentace,27.3.2013,27.3.2013,4.A,Základy společenských věd,Filozofie,VG 4/8,Radka Strašilová,,,0,
1,VY_32_INOVACE_ZSV0401,pptx,Ideologie,prezentace,13.3.2013,26.3.2013,SZSV8/1,Základy společenských věd,Politologie,VG4-S,Hana Mikušková,,,1,
2,VY_32_INOVACE_ZSV0402,pptx,Státní symboly,prezentace,6.3.20132,19.3.2013,SZSV8/1,Základy společenských věd,Politologie,VG4-S,Hana Mikušková,,,,
3,VY_32_INOVACE_ZSV0403,pptx,Feminizmus,prezentace,28.2.2013,27.3.2013,SZSV8/1,Základy společenských věd,Politologie,VG4-S,Hana Mikušková,,,,
4,VY_32_INOVACE_ZSV0404,pptx,Občanská společnost,prezentace,10.3.2013,19.3.2013,SZSV8/1,Základy společenských věd,Politologie,VG4-S,Hana Mikušková,,,,
5,VY_32_INOVACE_ZSV0405,pptx,Politika,prezentace,4.3.2013,7.3.2013,SZSV8/1,Základy společenských věd,Politologie,VG4-S,Hana Mikušková,,,,
6,VY_32_INOVACE_ZSV0406,pptx,Liberalizmus,prezentace,28.2.2013,27.3.2013,SZSV8/1,Základy společenských věd,Politologie,VG4-S,Hana Mikušková,,,,
7,VY_32_INOVACE_ZSV0407,pptx,Charta 77,prezentace,14.3.2013,26.3.2013,SZSV8/1,Základy společenských věd,Politologie,VG4-S,Hana Mikušková,,,,
8,VY_32_INOVACE_ZSV0408,pptx,Demokracie,prezentace,6.3.2013,19.3.2013,SZSV8/1,Základy společenských věd,Politologie,VG4-S,Hana Mikušková,,,,
9,VY_32_INOVACE_ZSV0409,pptx,"Pol. strany, pol. pluralizmus, volby",prezentace,28.2.2013,19.3.2013,SZSV8/1,Základy společenských věd,Politologie,VG4-S,Hana Mikušková,,,,
10,VY_32_INOVACE_ZSV0410,doc,Listina základních práv a svobod,test,14.3.2013,25.3.2013,SZSV8/1,Základy společenských věd,Politologie,VG4-S,Hana Mikušková,,,,
11,VY_32_INOVACE_ZSV0411,doc,Ústava ČR,test,28.2.2013,9.4.2013,SZSV8/1,Základy společenských věd,Politologie,VG4-S,Hana Mikušková,,,,
12,VY_32_INOVACE_ZSV0412,pptx,Machiavelli,prezentace,28.2.2013,24.4.2013,SZSV8/1,Základy společenských věd,Politologie,VG4-S,Hana Mikušková,,,,
13,VY_32_INOVACE_ZSV0413,pptx,Základní zákon státu,prezentace,28.2.2013,16.4.2013,SZSV8/1,Základy společenských věd,Politologie,VG4-S,Hana Mikušková,,,,
14,VY_32_INOVACE_ZSV0414,doc,Státověda,test,28.2.2013,24.4.2013,SZSV8/1,Základy společenských věd,Politologie,VG4-S,Hana Mikušková,,,,
15,VY_32_INOVACE_ZSV0415,pptx,Eurozóna,prezentace,28.2.2013,25.4.2013,SZSV8/1,Základy společenských věd,Politologie,VG4-S,Hana Mikušková,,,,
16,VY_32_INOVACE_ZSV0416,pptx,Historie EU,prezentace,28.2.2013,25.4.2013,SZSV8/1,Základy společenských věd,Politologie,VG4-S,Hana Mikušková,,,,
17,VY_32_INOVACE_ZSV0417,pptx,Orgány EU,prezentace,28.2.2013,25.4.2013,SZSV8/1,Základy společenských věd,Politologie,VG4-S,Hana Mikušková,,,,
18,VY_32_INOVACE_ZSV0418,pptx,Mezinárodní vztahy,prezentace,28.2.2013,16.4.2013,SZSV8/1,Základy společenských věd,Politologie,VG4-S,Hana Mikušková,,,,
19,VY_32_INOVACE_ZSV0419,pptx,Rasizmus,prezentace,28.2.2013,4.4.2013,SZSV8/1,Základy společenských věd,Politologie,VG4-S,Hana Mikušková,,,,
20,VY_32_INOVACE_ZSV0420,pptx,Socializmus a komunizmus,prezentace,28.2.2013,9.4.2013,SZSV8/1,Základy společenských věd,Politologie,VG4-S,Hana Mikušková,,,0,
1,VY_32_INOVACE_ZSV0501,pptx,Podstata religionistiky,prezentace,31.5.2013,10.3.2014,1.A,Základy společenských věd,Religionistika,VG1-4,Hana Mikušková,,,1,
2,VY_32_INOVACE_ZSV0502,pptx,Terminologie religionistiky,prezentace,31.5.2013,13.3.2014,1.A,Základy společenských věd,Religionistika,VG1-4,Hana Mikušková,,,,
3,VY_32_INOVACE_ZSV0503,pptx,Světová náboženství,prezentace,31.5.2013,24.3.2014,1.A,Základy společenských věd,Religionistika,VG1-4,Hana Mikušková,,,,
4,VY_32_INOVACE_ZSV0504,pptx,Křesťanské svátky,prezentace,31.5.2013,14.4.2014,1.A,Základy společenských věd,Religionistika,VG1-4,Hana Mikušková,,,,
5,VY_32_INOVACE_ZSV0505,pptx,Učedníci Kristovi,prezentace,31.5.2013,24.4.2014,1.A,Základy společenských věd,Religionistika,VG1-4,Hana Mikušková,,,,
6,VY_32_INOVACE_ZSV0506,pptx,Počátky křesťanství,prezentace,31.5.2013,7.4.2014,1.A,Základy společenských věd,Religionistika,VG1-4,Hana Mikušková,,,,
7,VY_32_INOVACE_ZSV0507,pptx,Církevní řády,prezentace,31.5.2013,31.3.2014,1.A,Základy společenských věd,Religionistika,VG1-4,Hana Mikušková,,,,
8,VY_32_INOVACE_ZSV0508,pptx,Světci a světice,prezentace,31.5.2013,3.4.2014,1.A,Základy společenských věd,Religionistika,VG1-4,Hana Mikušková,,,,
9,VY_32_INOVACE_ZSV0509,pptx,Islám,prezentace,31.5.2013,5.5.2014,1.A,Základy společenských věd,Religionistika,VG1-4,Hana Mikušková,,,,
10,VY_32_INOVACE_ZSV0510,pptx,Pět sloupů víry,prezentace,31.5.2013,15.5.2014,1.A,Základy společenských věd,Religionistika,VG1-4,Hana Mikušková,,,,
11,VY_32_INOVACE_ZSV0511,pptx,Muhammad,prezentace,31.5.2013,12.5.2014,1.A,Základy společenských věd,Religionistika,VG1-4,Hana Mikušková,,,,
12,VY_32_INOVACE_ZSV0512,pptx,Islámské tradice,prezentace,31.5.2013,5.5.2014,1.A,Základy společenských věd,Religionistika,VG1-4,Hana Mikušková,,,,
13,VY_32_INOVACE_ZSV0513,pptx,Sidhártha Gautama,prezentace,31.5.2013,16.5.2014,1.A,Základy společenských věd,Religionistika,VG1-4,Hana Mikušková,,,,
14,VY_32_INOVACE_ZSV0514,pptx,Tibetský buddhizmus,prezentace,31.5.2013,14.4.2014,1.A,Základy společenských věd,Religionistika,VG1-4,Hana Mikušková,,,,
15,VY_32_INOVACE_ZSV0515,pptx,Vývojové etapy hinduizmu,prezentace,31.5.2013,29.5.2014,1.A,Základy společenských věd,Religionistika,VG1-4,Hana Mikušková,,,,
16,VY_32_INOVACE_ZSV0516,pptx,Hinduistický pantheon,prezentace,31.5.2013,16.5.2014,1.A,Základy společenských věd,Religionistika,VG1-4,Hana Mikušková,,,,
17,VY_32_INOVACE_ZSV0517,pptx,Mahátma Gándhí,prezentace,31.5.2013,28.4.2014,1.A,Základy společenských věd,Religionistika,VG1-4,Hana Mikušková,,,,
18,VY_32_INOVACE_ZSV0518,pptx,Hinduistická etika,prezentace,31.5.2013,28.5.2014,1.A,Základy společenských věd,Religionistika,VG1-4,Hana Mikušková,,,,
19,VY_32_INOVACE_ZSV0519,pptx,Typy sekt,prezentace,31.5.2013,22.5.2014,1.A,Základy společenských věd,Religionistika,VG1-4,Hana Mikušková,,,,
20,VY_32_INOVACE_ZSV0520,pptx,Znaky sekt,prezentace,31.5.2013,22.5.2014,1.A,Základy společenských věd,Religionistika,VG1-4,Hana Mikušková,,0,0,
1,VY_62_INOVACE_FG0101,pdf,Rozpočet - motivační doplňovačka,pracovní list,,17.3.2014,G 1. A,Finanční gramotnost,Finanční gramotnost pro nižší gymnázium,NG1,Radka Strašilová,,1,1,
2,VY_62_INOVACE_FG0102,pdf,Příjmy a výdaje domácnosti,pracovní list,,17.3.2014,G 1. A,Finanční gramotnost,Finanční gramotnost pro nižší gymnázium,NG1,Radka Strašilová,,,,
3,VY_62_INOVACE_FG0103,pdf,Rozpočet domácnosti,pracovní list,,18.3.2014,G 1. A,Finanční gramotnost,Finanční gramotnost pro nižší gymnázium,NG1,Radka Strašilová,,,,
4,VY_62_INOVACE_FG0104,pdf,Osobní rozpočet,pracovní list,,18.3.2014,G 1. A,Finanční gramotnost,Finanční gramotnost pro nižší gymnázium,NG1,Radka Strašilová,,,,
5,VY_62_INOVACE_FG0105,pdf,Nakládání s penězi,pracovní list,,19.3.2014,G 1. A,Finanční gramotnost,Finanční gramotnost pro nižší gymnázium,NG1,Radka Strašilová,,,,
6,VY_62_INOVACE_FG0106,pdf,Inflace - motivační doplňovačka,pracovní list,,28.5.2014,G 2. A,Finanční gramotnost,Finanční gramotnost pro nižší gymnázium,NG2,Radka Strašilová,,,,
7,VY_62_INOVACE_FG0107,pdf,Inflace,pracovní list,,28.5.2014,G 2. A,Finanční gramotnost,Finanční gramotnost pro nižší gymnázium,NG2,Radka Strašilová,,,,
8,VY_62_INOVACE_FG0108,pdf,Reklamace - motivační doplňovačka,pracovní list,,26.5.2014,G 2. A,Finanční gramotnost,Finanční gramotnost pro nižší gymnázium,NG2,Radka Strašilová,,,,
9,VY_62_INOVACE_FG0109,pdf,Reklamace,pracovní list,,26.5.2014,G 2. A,Finanční gramotnost,Finanční gramotnost pro nižší gymnázium,NG2,Radka Strašilová,,,,
10,VY_62_INOVACE_FG0110,pdf,Nabídka půjčky,pracovní list,,28.5.2014,G 3. A,Finanční gramotnost,Finanční gramotnost pro nižší gymnázium,NG3,Radka Strašilová,,,,
11,VY_62_INOVACE_FG0111,pdf,Funkce a služby bank,pracovní list,,28.5.2014,G 3. A,Finanční gramotnost,Finanční gramotnost pro nižší gymnázium,NG3,Radka Strašilová,,,,
12,VY_62_INOVACE_FG0112,pdf,Platební karty - test,pracovní list,,30.5.2014,G 3. A,Finanční gramotnost,Finanční gramotnost pro nižší gymnázium,NG3,Radka Strašilová,,,,
13,VY_62_INOVACE_FG0113,pdf,"Platební karty, pravidla jejich bezpečného použití",pracovní list,,30.5.2014,G 3. A,Finanční gramotnost,Finanční gramotnost pro nižší gymnázium,NG3,Radka Strašilová,,,,
14,VY_62_INOVACE_FG0114,pdf,"Pojištění – definice, druhy, využití",pracovní list,,23.5.2014,G 3. A,Finanční gramotnost,Finanční gramotnost pro nižší gymnázium,NG3,Radka Strašilová,,,,
15,VY_62_INOVACE_FG0115,pdf,Pojištění – motivační osmisměrka,pracovní list,,23.5.2014,G 3. A,Finanční gramotnost,Finanční gramotnost pro nižší gymnázium,NG3,Radka Strašilová,,,,
16,VY_62_INOVACE_FG0116,pdf,"Nakládání s penězi – mzda, příjmy a výdaje domácnosti",pracovní list,,13.12.2013,G 3. A,Finanční gramotnost,Finanční gramotnost pro nižší gymnázium,NG3,Radka Strašilová,,,,
17,VY_62_INOVACE_FG0117,pdf,"Poptávka, nabídka - doplňovačka",pracovní list,,13.3.2014,G 4. A,Finanční gramotnost,Finanční gramotnost pro nižší gymnázium,NG4,Radka Strašilová,,,,
18,VY_62_INOVACE_FG0118,pdf,Vliv poptávky a nabídky na tvorbu ceny,pracovní list,,13.3.2014,G 4. A,Finanční gramotnost,Finanční gramotnost pro nižší gymnázium,NG4,Radka Strašilová,,,,
19,VY_62_INOVACE_FG0119,pdf,Porušení práv spotřebitele,pracovní list,,18.3.2014,G 4. A,Finanční gramotnost,Finanční gramotnost pro nižší gymnázium,NG4,Radka Strašilová,,,,
20,VY_62_INOVACE_FG0120,pdf,Práva spotřebitele - test,pracovní list,,18.3.2014,G 4. A,Finanční gramotnost,Finanční gramotnost pro nižší gymnázium,NG4,Radka Strašilová,,,0,
1,VY_62_INOVACE_FG0201,pptx,Česká národní banka,prezentace,,28.1.2014,6.A,Finanční gramotnost,Finanční gramotnost pro vyšší gymnázium 1,VG2,Hana Mikušková,,,1,
2,VY_62_INOVACE_FG0202,pptx,Lidé a peníze,prezentace,,24.1.2014,6.A,Finanční gramotnost,Finanční gramotnost pro vyšší gymnázium 1,VG2,Hana Mikušková,,,,
3,VY_62_INOVACE_FG0203,pptx,Banky,prezentace,,24.1.2014,6.A,Finanční gramotnost,Finanční gramotnost pro vyšší gymnázium 1,VG2,Hana Mikušková,,,,
4,VY_62_INOVACE_FG0204,pptx,Bezhotovostní platební styk,prezentace,,11.2.2014,6.A,Finanční gramotnost,Finanční gramotnost pro vyšší gymnázium 1,VG2,Hana Mikušková,,,,
5,VY_62_INOVACE_FG0205,pptx,Hotovostní placení,prezentace,,11.2.2014,6.A,Finanční gramotnost,Finanční gramotnost pro vyšší gymnázium 1,VG2,Hana Mikušková,,,,
6,VY_62_INOVACE_FG0206,pptx,Platební karty,prezentace,,28.1.2014,2.A,Finanční gramotnost,Finanční gramotnost pro vyšší gymnázium 1,VG2,Hana Mikušková,,,,
7,VY_62_INOVACE_FG0207,pptx,Finanční produkty určené k ukládání peněz,prezentace,,18.2.2014,2.A,Finanční gramotnost,Finanční gramotnost pro vyšší gymnázium 1,VG2,Hana Mikušková,,,,
8,VY_62_INOVACE_FG0208,pptx,Osobní aktiva a pasiva,prezentace,,11.2.2014,2.A,Finanční gramotnost,Finanční gramotnost pro vyšší gymnázium 1,VG2,Hana Mikušková,,,,
9,VY_62_INOVACE_FG0209,pptx,Druhy pojištění,prezentace,,14.2.2014,2.A,Finanční gramotnost,Finanční gramotnost pro vyšší gymnázium 1,VG2,Hana Mikušková,,,,
10,VY_62_INOVACE_FG0210,docx,Peníze a finanční produkty-opakování,pracovní list,,21.2.2014,2.A,Finanční gramotnost,Finanční gramotnost pro vyšší gymnázium 1,VG2,Hana Mikušková,,,,
11,VY_62_INOVACE_FG0211,pptx,Zdroje veřejných rozpočtů,prezentace,,25.2.2014,2.A,Finanční gramotnost,Finanční gramotnost pro vyšší gymnázium 1,VG2,Hana Mikušková,,,,
12,VY_62_INOVACE_FG0212,pptx,"Sociální funkce státu, sociální systém",prezentace,,14.2.2014,6.A,Finanční gramotnost,Finanční gramotnost pro vyšší gymnázium 1,VG2,Hana Mikušková,,,,
13,VY_62_INOVACE_FG0213,pptx,Úřad práce,prezentace,,18.2.2014,6.A,Finanční gramotnost,Finanční gramotnost pro vyšší gymnázium 1,VG2,Hana Mikušková,,,,
14,VY_62_INOVACE_FG0214,pptx,Jak se ucházet o práci,prezentace,,21.2.2014,6.A,Finanční gramotnost,Finanční gramotnost pro vyšší gymnázium 1,VG2,Hana Mikušková,,,,
15,VY_62_INOVACE_FG0215,pptx,Ekonomika domácnosti,prezentace,,25.2.2014,6.A,Finanční gramotnost,Finanční gramotnost pro vyšší gymnázium 1,VG2,Hana Mikušková,,,,
16,VY_62_INOVACE_FG0216,pptx,Osobní rozpočet,prezentace,,28.2.2014,2.A,Finanční gramotnost,Finanční gramotnost pro vyšší gymnázium 1,VG2,Hana Mikušková,,,,
17,VY_62_INOVACE_FG0217,pptx,Domácí účetnictví,prezentace,,28.2.2014,2.A,Finanční gramotnost,Finanční gramotnost pro vyšší gymnázium 1,VG2,Hana Mikušková,,,,
18,VY_62_INOVACE_FG0218,pptx,Spotřební koš české domácnosti,prezentace,,28.2.2014,6.A,Finanční gramotnost,Finanční gramotnost pro vyšší gymnázium 1,VG2,Hana Mikušková,,,,
19,VY_62_INOVACE_FG0219,docx,Ekonomika domácnosti,pracovní list,,11.3.2014,6.A,Finanční gramotnost,Finanční gramotnost pro vyšší gymnázium 1,VG2,Hana Mikušková,,,,
20,VY_62_INOVACE_FG0220,docx,Sociální funkce státu,pracovní list,,28.3.2014,2.A,Finanční gramotnost,Finanční gramotnost pro vyšší gymnázium 1,VG2,Hana Mikušková,,,0,
1,VY_62_INOVACE_FG0301,pptx,"Úvěr, poskytnutí úvěru",prezentace,,25.3.2014,2.A,Finanční gramotnost,Finanční gramotnost pro vyšší gymnázium 2,VG2,Hana Mikušková,,,1,
2,VY_62_INOVACE_FG0302,pptx,Účelové a neúčelové úvěry,prezentace,,25.3.2014,2.A,Finanční gramotnost,Finanční gramotnost pro vyšší gymnázium 2,VG2,Hana Mikušková,,,,
3,VY_62_INOVACE_FG0303,pptx,Deficit domácího rozpočtu,prezentace,,28.3.2014,2.A,Finanční gramotnost,Finanční gramotnost pro vyšší gymnázium 2,VG2,Hana Mikušková,,,,
4,VY_62_INOVACE_FG0304,pptx,"Dluhy, dluhová past",prezentace,,28.3.2014,2.A,Finanční gramotnost,Finanční gramotnost pro vyšší gymnázium 2,VG2,Hana Mikušková,,,,
5,VY_62_INOVACE_FG0305,pptx,Leasing,prezentace,,11.3.2014,6.A,Finanční gramotnost,Finanční gramotnost pro vyšší gymnázium 2,VG2,Hana Mikušková,,,,
6,VY_62_INOVACE_FG0306,pptx,"Hypotéka, bydlení",prezentace,,11.3.2014,6.A,Finanční gramotnost,Finanční gramotnost pro vyšší gymnázium 2,VG2,Hana Mikušková,,,,
7,VY_62_INOVACE_FG0307,docx,Hospodaření domácnosti,pracovní list,,25.3.2014,6.A,Finanční gramotnost,Finanční gramotnost pro vyšší gymnázium 2,VG2,Hana Mikušková,,,,
8,VY_62_INOVACE_FG0308,pptx,Duševní vlastnictví,prezentace,,25.3.2014,6.A,Finanční gramotnost,Finanční gramotnost pro vyšší gymnázium 2,VG2,Hana Mikušková,,,,
9,VY_62_INOVACE_FG0309,pptx,Domácnost a dělba práce,prezentace,,28.3.2014,6.A,Finanční gramotnost,Finanční gramotnost pro vyšší gymnázium 2,VG2,Hana Mikušková,,,,
10,VY_62_INOVACE_FG0310,pptx,Produkty denní potřeby,prezentace,,28.3.2014,6.A,Finanční gramotnost,Finanční gramotnost pro vyšší gymnázium 2,VG2,Hana Mikušková,,,,
11,VY_62_INOVACE_FG0311,pptx,"Trh práce, kvalifikace",prezentace,,2.4.2014,6.A,Finanční gramotnost,Finanční gramotnost pro vyšší gymnázium 2,VG2,Hana Mikušková,,,,
12,VY_62_INOVACE_FG0312,pptx,"Získávání práce, profesní mobilita",prezentace,,4.4.2014,6.A,Finanční gramotnost,Finanční gramotnost pro vyšší gymnázium 2,VG2,Hana Mikušková,,,,
13,VY_62_INOVACE_FG0313,pptx,Odměňování za práci,prezentace,,8.4.2014,6.A,Finanční gramotnost,Finanční gramotnost pro vyšší gymnázium 2,VG2,Hana Mikušková,,,,
14,VY_62_INOVACE_FG0314,pptx,Zaměstnání a podnikání,prezentace,,11.4.2014,6.A,Finanční gramotnost,Finanční gramotnost pro vyšší gymnázium 2,VG2,Hana Mikušková,,,,
15,VY_62_INOVACE_FG0315,pptx,Slevy,prezentace,,15.4.2014,6.A,Finanční gramotnost,Finanční gramotnost pro vyšší gymnázium 2,VG2,Hana Mikušková,,,,
16,VY_62_INOVACE_FG0316,pptx,Reklama,prezentace,,22.4.2014,6.A,Finanční gramotnost,Finanční gramotnost pro vyšší gymnázium 2,VG2,Hana Mikušková,,,,
17,VY_62_INOVACE_FG0317,pptx,Záruční doba a reklamace,prezentace,,25.4.2014,6.A,Finanční gramotnost,Finanční gramotnost pro vyšší gymnázium 2,VG2,Hana Mikušková,,,,
18,VY_62_INOVACE_FG0318,pptx,Chování spotřebitele,prezentace,,8.4.2014,2.A,Finanční gramotnost,Finanční gramotnost pro vyšší gymnázium 2,VG2,Hana Mikušková,,,,
19,VY_62_INOVACE_FG0319,docx,Pracovní právo,pracovní list,,24.4.2014,2.A,Finanční gramotnost,Finanční gramotnost pro vyšší gymnázium 2,VG2,Hana Mikušková,,,,
20,VY_62_INOVACE_FG0320,pptx,"Zabezpečení, životní pojištění",prezentace,,15.4.2014,2.A,Finanční gramotnost,Finanční gramotnost pro vyšší gymnázium 2,VG2,Hana Mikušková,,,0,
1,VY_62_INOVACE_FG0401,pptx,Právo na zaměstnání,prezentace,,28.3.2014,3.A,Finanční gramotnost,Finanční gramotnost pro vyšší gymnázium 3,VG3,Mgr. Michaela Osladilová,,,1,
2,VY_62_INOVACE_FG0402,pptx,Pracovní poměr,prezentace,,2.4.2014,3.A,Finanční gramotnost,Finanční gramotnost pro vyšší gymnázium 3,VG3,Mgr. Michaela Osladilová,,,,
3,VY_62_INOVACE_FG0403,pptx,Pracovní smlouva,prezentace,,2.4.2014,3.A,Finanční gramotnost,Finanční gramotnost pro vyšší gymnázium 3,VG3,Mgr. Michaela Osladilová,,,,
4,VY_62_INOVACE_FG0404,pptx,Skončení pracovního poměru,prezentace,,9.4.2014,3.A,Finanční gramotnost,Finanční gramotnost pro vyšší gymnázium 3,VG3,Mgr. Michaela Osladilová,,,,
5,VY_62_INOVACE_FG0405,pptx,Pracovní doba,prezentace,,2.4.2014,3.A,Finanční gramotnost,Finanční gramotnost pro vyšší gymnázium 3,VG3,Mgr. Michaela Osladilová,,,,
6,VY_62_INOVACE_FG0406,pptx,Dovolená na zotavenou,prezentace,,28.3.2014,3.A,Finanční gramotnost,Finanční gramotnost pro vyšší gymnázium 3,VG3,Mgr. Michaela Osladilová,,,,
7,VY_62_INOVACE_FG0407,pptx,Pracovní podmínky žen,prezentace,,9.4.2014,3.A,Finanční gramotnost,Finanční gramotnost pro vyšší gymnázium 3,VG3,Mgr. Michaela Osladilová,,,,
8,VY_62_INOVACE_FG0408,pptx,Pracovní podmínky mladistvých,prezentace,,9.4.2014,3.A,Finanční gramotnost,Finanční gramotnost pro vyšší gymnázium 3,VG3,Mgr. Michaela Osladilová,,,,
9,VY_62_INOVACE_FG0409,pptx,Odpovědnost zaměstnance za škodu,prezentace,,10.4.2014,3.A,Finanční gramotnost,Finanční gramotnost pro vyšší gymnázium 3,VG3,Mgr. Michaela Osladilová,,,,
10,VY_62_INOVACE_FG0410,pptx,Odpovědnost zaměstnavatele za škodu,prezentace,,10.4.2014,3.A,Finanční gramotnost,Finanční gramotnost pro vyšší gymnázium 3,VG3,Mgr. Michaela Osladilová,,,,
11,VY_62_INOVACE_FG0411,pptx,Rodinný rozpočet v Excelu,prezentace,,29.4.2014,2.A,Finanční gramotnost,Finanční gramotnost pro vyšší gymnázium 3,VG2,RNDr. Lubomír Pek,,,,
12,VY_62_INOVACE_FG0412,pptx,Cena,prezentace,,2.5.2014,2.A,Finanční gramotnost,Finanční gramotnost pro vyšší gymnázium 3,VG2,RNDr. Lubomír Pek,,,,
13,VY_62_INOVACE_FG0413,pptx,Inflace,prezentace,,2.5.2014,6.A,Finanční gramotnost,Finanční gramotnost pro vyšší gymnázium 3,VG2,RNDr. Lubomír Pek,,,,
14,VY_62_INOVACE_FG0414,pptx,Rodinné finance,prezentace,,9.5.2014,2.A,Finanční gramotnost,Finanční gramotnost pro vyšší gymnázium 3,VG2,RNDr. Lubomír Pek,,,,
15,VY_62_INOVACE_FG0415,pptx,Finanční a ekonomická gramotnost,prezentace,,13.5.2014,2.A,Finanční gramotnost,Finanční gramotnost pro vyšší gymnázium 3,VG2,RNDr. Lubomír Pek,,,,
16,VY_62_INOVACE_FG0416,pptx,Osobní finance,prezentace,,23.5.2014,2.A,Finanční gramotnost,Finanční gramotnost pro vyšší gymnázium 3,VG2,RNDr. Lubomír Pek,,,,
17,VY_62_INOVACE_FG0417,pptx,Jak nakládat s penězi,prezentace,,27.5.2014,2.A,Finanční gramotnost,Finanční gramotnost pro vyšší gymnázium 3,VG2,RNDr. Lubomír Pek,,,,
18,VY_62_INOVACE_FG0418,pptx,Osobní finanční plán,prezentace,,9.5.2014,6.A,Finanční gramotnost,Finanční gramotnost pro vyšší gymnázium 3,VG2,RNDr. Lubomír Pek,,,,
19,VY_62_INOVACE_FG0419,pptx,Srovnání investičních možností,prezentace,,13.5.2014,6.A,Finanční gramotnost,Finanční gramotnost pro vyšší gymnázium 3,VG2,RNDr. Lubomír Pek,,,,
20,VY_62_INOVACE_FG0420,pptx,Finanční chyby českých domácností,prezentace,,23.5.2014,6.A,Finanční gramotnost,Finanční gramotnost pro vyšší gymnázium 3,VG2,RNDr. Lubomír Pek,,0,0,
