porcis;kod;pripona;nazevDUM;forma;vytvoreno;overeno;trida;predmet;tematickaoblast;rocnik;tvurce;filename;PR;TO;
1;VY_32_INOVACE_CJ0101;;Frazeologie;bude upřesněno;bude upřesněno;;;Český jazyk;Český jazyk a literatura pro NG;bude upřesněno;Karla Paclíková;;1;1;
2;VY_32_INOVACE_CJ0102;;Tvarosloví - duálové tvary;bude upřesněno;bude upřesněno;;;Český jazyk;Český jazyk a literatura pro NG;bude upřesněno;Karla Paclíková;;;;
3;VY_32_INOVACE_CJ0103;;Co nám uvízlo - opakování;bude upřesněno;bude upřesněno;;;Český jazyk;Český jazyk a literatura pro NG;bude upřesněno;Karla Paclíková;;;;
4;VY_32_INOVACE_CJ0104;;Dopis;bude upřesněno;bude upřesněno;;;Český jazyk;Český jazyk a literatura pro NG;bude upřesněno;Karla Paclíková;;;;
5;VY_32_INOVACE_CJ0105;;Dopis úřední;bude upřesněno;bude upřesněno;;;Český jazyk;Český jazyk a literatura pro NG;bude upřesněno;Karla Paclíková;;;;
6;VY_32_INOVACE_CJ0106;;Charakteristika;bude upřesněno;bude upřesněno;;;Český jazyk;Český jazyk a literatura pro NG;bude upřesněno;Karla Paclíková;;;;
7;VY_32_INOVACE_CJ0107;;Bible jako knihovna;bude upřesněno;bude upřesněno;;;Český jazyk;Český jazyk a literatura pro NG;bude upřesněno;Karla Paclíková;;;;
8;VY_32_INOVACE_CJ0108;;J. A. Komenský - motivační doplňovačka - alegorie;bude upřesněno;bude upřesněno;;;Český jazyk;Český jazyk a literatura pro NG;bude upřesněno;Karla Paclíková;;;;
9;VY_32_INOVACE_CJ0109;;Literární druhy - pracovní list;dokument Word;30.11.2012;;;Český jazyk;Český jazyk a literatura pro NG;NG1;Radka Strašilová;;;;
10;VY_32_INOVACE_CJ0110;;Literární druhy - motivační doplňovačka;dokument Word;30.11.2012;;;Český jazyk;Český jazyk a literatura pro NG;NG2;Radka Strašilová;;;;
11;VY_32_INOVACE_CJ0111;;Verš, rým, strofa;dokument Word;31.1.2013;;;Český jazyk;Český jazyk a literatura pro NG;NG1;Radka Strašilová;;;;
12;VY_32_INOVACE_CJ0112;;Literární druhy, verš, rým, strofa - opakování;dokument Word;28.2.2013;;;Český jazyk;Český jazyk a literatura pro NG;NG1;Radka Strašilová;;;;
13;VY_32_INOVACE_CJ0113;;Přídavná jména - pracovní list Červená karkulka;dokument Word;31.1.2013;;;Český jazyk;Český jazyk a literatura pro NG;NG1;Radka Strašilová;;;;
14;VY_32_INOVACE_CJ0114;;Zájmena;bude upřesněno;31.3.2013;;;Český jazyk;Český jazyk a literatura pro NG;NG1;Radka Strašilová;;;;
15;VY_32_INOVACE_CJ0115;;Číslovky;prezentace;30.4.2014;;;Český jazyk;Český jazyk a literatura pro NG;NG1;Radka Strašilová;;;;
16;VY_32_INOVACE_CJ0116;;Slovesa;bude upřesněno;31.5.2013;;;Český jazyk;Český jazyk a literatura pro NG;NG1;Radka Strašilová;;;;
17;VY_32_INOVACE_CJ0117;;Nauka o významu slov - pracovní list;dokument Word;31.1.2013;;;Český jazyk;Český jazyk a literatura pro NG;NG2;Radka Strašilová;;;;
18;VY_32_INOVACE_CJ0118;;Bajka;dokument Word;bude upřesněno;;;Český jazyk;Český jazyk a literatura pro NG;NG2;Libuše Chudobová;;;;
19;VY_32_INOVACE_CJ0119;;Souvětí souřadné;dokument Word;bude upřesněno;;;Český jazyk;Český jazyk a literatura pro NG;NG4;Libuše Chudobová;;;;
20;VY_32_INOVACE_CJ0120;;Souvětí podřadné;dokument Word;bude upřesněno;;;Český jazyk;Český jazyk a literatura pro NG;NG3;Libuše Chudobová;;;0;
1;VY_32_INOVACE_CJ0201;;Útvary publicistického stylu;bude upřesněno;bude upřesněno;;;Český jazyk;Jazyk, komunikace a sloh pro VG;VG2;Karla Paclíková;;;1;
2;VY_32_INOVACE_CJ0202;;Dopis;bude upřesněno;bude upřesněno;;;Český jazyk;Jazyk, komunikace a sloh pro VG;bude upřesněno;Karla Paclíková;;;;
3;VY_32_INOVACE_CJ0203;;Líčení;bude upřesněno;bude upřesněno;;;Český jazyk;Jazyk, komunikace a sloh pro VG;bude upřesněno;Karla Paclíková;;;;
4;VY_32_INOVACE_CJ0204;;Stylistické a jazykové cvičení - charakteristika;dokument Word;bude upřesněno;;;Český jazyk;Jazyk, komunikace a sloh pro VG;bude upřesněno;Radka Strašilová;;;;
5;VY_32_INOVACE_CJ0205;;Stylistické a jazykové cvičení - úvaha;dokument Word;bude upřesněno;;;Český jazyk;Jazyk, komunikace a sloh pro VG;VG;Radka Strašilová;;;;
6;VY_32_INOVACE_CJ0206;;Stylistické a jazykové cvičení - recenze;dokument Word;bude upřesněno;;;Český jazyk;Jazyk, komunikace a sloh pro VG;VG2;Radka Strašilová;;;;
7;VY_32_INOVACE_CJ0207;;Stylistické a jazykové cvičení - životopis;dokument Word;bude upřesněno;;;Český jazyk;Jazyk, komunikace a sloh pro VG;bude upřesněno;Radka Strašilová;;;;
8;VY_32_INOVACE_CJ0208;;Slovní druhy;bude upřesněno;bude upřesněno;;;Český jazyk;Jazyk, komunikace a sloh pro VG;bude upřesněno;Karla Paclíková;;;;
9;VY_32_INOVACE_CJ0209;;Jednotky slovní zásoby;bude upřesněno;bude upřesněno;;;Český jazyk;Jazyk, komunikace a sloh pro VG;bude upřesněno;Karla Paclíková;;;;
10;VY_32_INOVACE_CJ0210;;Způsoby obohacování slovní zásoby;bude upřesněno;bude upřesněno;;;Český jazyk;Jazyk, komunikace a sloh pro VG;bude upřesněno;Karla Paclíková;;;;
11;VY_32_INOVACE_CJ0211;;Vývoj pravopisu;bude upřesněno;bude upřesněno;;;Český jazyk;Jazyk, komunikace a sloh pro VG;bude upřesněno;Karla Paclíková;;;;
12;VY_32_INOVACE_CJ0212;;Skladební syntaktické vztahy - významové;bude upřesněno;bude upřesněno;;;Český jazyk;Jazyk, komunikace a sloh pro VG;VG3;Karla Paclíková;;;;
13;VY_32_INOVACE_CJ0213;;Skladební syntaktické vztahy - formální;bude upřesněno;bude upřesněno;;;Český jazyk;Jazyk, komunikace a sloh pro VG;VG3;Karla Paclíková;;;;
14;VY_32_INOVACE_CJ0214;;Větné členy;bude upřesněno;bude upřesněno;;;Český jazyk;Jazyk, komunikace a sloh pro VG;VG3;Karla Paclíková;;;;
15;VY_32_INOVACE_CJ0215;;Věty;bude upřesněno;bude upřesněno;;;Český jazyk;Jazyk, komunikace a sloh pro VG;VG3;Karla Paclíková;;;;
16;VY_32_INOVACE_CJ0216;;Nepravidelnosti větné stavby;bude upřesněno;bude upřesněno;;;Český jazyk;Jazyk, komunikace a sloh pro VG;VG3;Karla Paclíková;;;;
17;VY_32_INOVACE_CJ0217;;Aktuální členění výpovědi;bude upřesněno;bude upřesněno;;;Český jazyk;Jazyk, komunikace a sloh pro VG;VG3;Karla Paclíková;;;;
18;VY_32_INOVACE_CJ0218;;Úvod do českého jazyka;bude upřesněno;bude upřesněno;;;Český jazyk;Jazyk, komunikace a sloh pro VG;VG1;Libuše Chudobová;;;;
19;VY_32_INOVACE_CJ0219;;Všestranný jazykový rozbor;bude upřesněno;bude upřesněno;;;Český jazyk;Jazyk, komunikace a sloh pro VG;VG2;Libuše Chudobová;;;;
20;VY_32_INOVACE_CJ0220;;Bude upřesněno;bude upřesněno;bude upřesněno;;;Český jazyk;Jazyk, komunikace a sloh pro VG;bude upřesněno;Libuše Chudobová;;;0;
1;VY_32_INOVACE_CJ0301;;M. Jan Hus;prezentace;bude upřesněno;;;Český jazyk;Literatura pro VG;bude upřesněno;Karla Paclíková;;;1;
2;VY_32_INOVACE_CJ0302;;Píseň v době husitské;bude upřesněno;bude upřesněno;;;Český jazyk;Literatura pro VG;bude upřesněno;Karla Paclíková;;;;
3;VY_32_INOVACE_CJ0303;;Husitská literatura, satira;dokument Word;bude upřesněno;;;Český jazyk;Literatura pro VG;VG1;Radka Strašilová;;;;
4;VY_32_INOVACE_CJ0304;;Česká barokní literatura;prezentace;bude upřesněno;;;Český jazyk;Literatura pro VG;bude upřesněno;Karla Paclíková;;;;
5;VY_32_INOVACE_CJ0305;;Dobrovský a Jungmann;prezentace;bude upřesněno;;;Český jazyk;Literatura pro VG;bude upřesněno;Karla Paclíková;;;;
6;VY_32_INOVACE_CJ0306;;Jan Neruda;prezentace;bude upřesněno;;;Český jazyk;Literatura pro VG;bude upřesněno;Karla Paclíková;;;;
7;VY_32_INOVACE_CJ0307;;Římská literatura;prezentace;bude upřesněno;;;Český jazyk;Literatura pro VG;bude upřesněno;Karla Paclíková;;;;
8;VY_32_INOVACE_CJ0308;;Počátky literatury, antická literatura - pracovní list;dokument Word;bude upřesněno;;;Český jazyk;Literatura pro VG;VG1;Radka Strašilová;;;;
9;VY_32_INOVACE_CJ0309;;Počátky písemnictví na našem území - pracovní list;dokument Word;bude upřesněno;;;Český jazyk;Literatura pro VG;VG1;Radka Strašilová;;;;
10;VY_32_INOVACE_CJ0310;;Počátky světového písemnictví;dokument Word;bude upřesněno;;;Český jazyk;Literatura pro VG;VG1;Libuše Chudobová;;;;
11;VY_32_INOVACE_CJ0311;;Antická literatura;dokument Word;bude upřesněno;;;Český jazyk;Literatura pro VG;VG1;Libuše Chudobová;;;;
12;VY_32_INOVACE_CJ0312;;Český renesanční humanismus;dokument Word;bude upřesněno;;;Český jazyk;Literatura pro VG;VG1;Libuše Chudobová;;;;
13;VY_32_INOVACE_CJ0313;;Český romantismus, počátky realismu;dokument Word;bude upřesněno;;;Český jazyk;Literatura pro VG;VG3;Libuše Chudobová;;;;
14;VY_32_INOVACE_CJ0314;;Literatura baroka;dokument Word;bude upřesněno;;;Český jazyk;Literatura pro VG;VG2;Libuše Chudobová;;;;
15;VY_32_INOVACE_CJ0315;;Májovci, ruchovci, lumírovci;dokument Word;bude upřesněno;;;Český jazyk;Literatura pro VG;VG2;Libuše Chudobová;;;;
16;VY_32_INOVACE_CJ0316;;Literatura národního obrození;dokument Word;bude upřesněno;;;Český jazyk;Literatura pro VG;VG3;Libuše Chudobová;;;;
17;VY_32_INOVACE_CJ0317;;Romantismus;dokument Word;bude upřesněno;;;Český jazyk;Literatura pro VG;VG3;Libuše Chudobová;;;;
18;VY_32_INOVACE_CJ0318;;Anarchističtí buřiči;dokument Word;bude upřesněno;;;Český jazyk;Literatura pro VG;VG4;Radka Strašilová;;;;
19;VY_32_INOVACE_CJ0319;;Bible;dokument Word;bude upřesněno;;;Český jazyk;Literatura pro VG;VG1;Libuše Chudobová;;;;
20;VY_32_INOVACE_CJ0320;;Česká moderna;dokument Word;bude upřesněno;;;Český jazyk;Literatura pro VG;VG4;Libuše Chudobová;;;0;
1;VY_32_INOVACE_CJ0401;;Postavy žen v tvorbě Tolstého a Dostojevského;pracovní list;20.9.2012;;;Český jazyk;Práce s textem - interpretace a analýzy;VG4;Marie Brožová;;;1;
2;VY_32_INOVACE_CJ0402;;Zvukové kvality básnického textu - K.Hlaváček;pracovní list;10.12.2013;;;Český jazyk;Práce s textem - interpretace a analýzy;VG4;Marie Brožová;;;;
3;VY_32_INOVACE_CJ0403;;Kompoziční význam modality v baladě Maryčka Magdonova;pracovní list;10.12.2013;;;Český jazyk;Práce s textem - interpretace a analýzy;VG4;Marie Brožová;;;;
4;VY_32_INOVACE_CJ0404;;Dialogická forma v tvorbě J.Wolkera;pracovní list;10.12.2013;;;Český jazyk;Práce s textem - interpretace a analýzy;VG4;Marie Brožová;;;;
5;VY_32_INOVACE_CJ0405;;Tektonické principy Balady o námořníku J.Wolkera;pracovní list;10.12.2013;;;Český jazyk;Práce s textem - interpretace a analýzy;VG4;Marie Brožová;;;;
6;VY_32_INOVACE_CJ0406;;Experimentující styl v Joycově Odysseovi;pracovní list;11.12.2013;;;Český jazyk;Práce s textem - interpretace a analýzy;VG4;Marie Brožová;;;;
7;VY_32_INOVACE_CJ0407;;Moderní poezie a její grafická podoba;pracovní list;11.12.2013;;;Český jazyk;Práce s textem - interpretace a analýzy;VG4;Marie Brožová;;;;
8;VY_32_INOVACE_CJ0408;;Lexikální prostředky v básních J.Kainara;pracovní list;1.2.2013;;;Český jazyk;Práce s textem - interpretace a analýzy;VG4;Marie Brožová;;;;
9;VY_32_INOVACE_CJ0409;;Rozpětí veršových forem v Kainarově tvorbě;pracovní list;1.2.2013;;;Český jazyk;Práce s textem - interpretace a analýzy;VG4;Marie Brožová;;;;
10;VY_32_INOVACE_CJ0410;;Vztah hudby a poezie v Kainarových blues;pracovní list;1.2.2013;;;Český jazyk;Práce s textem - interpretace a analýzy;VG4;Marie Brožová;;;;
11;VY_32_INOVACE_CJ0411;;Existenciální tematika v tvorbě J.Kainara;pracovní list;1.2.2013;;;Český jazyk;Práce s textem - interpretace a analýzy;VG4;Marie Brožová;;;;
12;VY_32_INOVACE_CJ0412;;Práce s epickou strukturou v české poválečné poezii;pracovní list;1.2.2013;;;Český jazyk;Práce s textem - interpretace a analýzy;VG4;Marie Brožová;;;;
13;VY_32_INOVACE_CJ0413;;Bohatství rýmových struktur v tvorbě českých básníků;pracovní list;1.2.2013;;;Český jazyk;Práce s textem - interpretace a analýzy;VG4;Marie Brožová;;;;
14;VY_32_INOVACE_CJ0414;;Surrealistické paralely;pracovní list;1.2.2013;;;Český jazyk;Práce s textem - interpretace a analýzy;VG4;Marie Brožová;;;;
15;VY_32_INOVACE_CJ0415;;Antické inspirace v básnickém díle F.Hrubína;pracovní list;1.2.2013;;;Český jazyk;Práce s textem - interpretace a analýzy;VG4;Marie Brožová;;;;
16;VY_32_INOVACE_CJ0416;;Genius loci - Praha v tvorbě J.Seiferta;pracovní list;1.2.2013;;;Český jazyk;Práce s textem - interpretace a analýzy;VG4;Marie Brožová;;;;
17;VY_32_INOVACE_CJ0417;;Poetika Hrabalových próz - řečový proud;pracovní list;1.3.2013;;;Český jazyk;Práce s textem - interpretace a analýzy;VG4;Marie Brožová;;;;
18;VY_32_INOVACE_CJ0418;;Projevy žánrového synkretismu v tvorbě postmodernistů;pracovní list;1.4.2013;;;Český jazyk;Práce s textem - interpretace a analýzy;VG4;Marie Brožová;;;;
19;VY_32_INOVACE_CJ0419;;Postmodernismus v Kuderově Nesmrtelnosti;pracovní list;1.4.2013;;;Český jazyk;Práce s textem - interpretace a analýzy;VG4;Marie Brožová;;;;
20;VY_32_INOVACE_CJ0420;;Lyrický subjekt v tvorbě nejmladších českých básníků;pracovní list;1.4.2013;;;Český jazyk;Práce s textem - interpretace a analýzy;VG4;Marie Brožová;;0;0;
1;VY_32_INOVACE_D0101;;Německo v 2.polovině 19. století;test;15.6.2013;;;Dějepis;Novodobé dějiny;VG3;Ilona Kadlecová;;1;1;
2;VY_32_INOVACE_D0102;;Rusko v 2. polovině 19. století;test;15.6.2013;;;Dějepis;Novodobé dějiny;VG3;Ilona Kadlecová;;;;
3;VY_32_INOVACE_D0103;;Francie v 2. polovině 19. století;test;15.6.2013;;;Dějepis;Novodobé dějiny;VG3;Ilona Kadlecová;;;;
4;VY_32_INOVACE_D0104;;Anglie v 2.polovině 19. století;test;15.6.2013;;;Dějepis;Novodobé dějiny;VG3;Ilona Kadlecová;;;;
5;VY_32_INOVACE_D0105;;Rakousko - Uhersko v 2.polovině 19. století;test;15.6.2013;;;Dějepis;Novodobé dějiny;VG3;Ilona Kadlecová;;;;
6;VY_32_INOVACE_D0106;;Zájmy mocností, konflikty před 1. SV;test;15.6.2013;;;Dějepis;Novodobé dějiny;VG3;Ilona Kadlecová;;;;
7;VY_32_INOVACE_D0107;;1. světová válka;test;15.6.2013;;;Dějepis;Novodobé dějiny;VG3;Ilona Kadlecová;;;;
8;VY_32_INOVACE_D0108;;Vojenská účast Čechů a Slováků v 1. SV;test;15.6.2013;;;Dějepis;Novodobé dějiny;SVG3;Ilona Kadlecová;;;;
9;VY_32_INOVACE_D0109;;Domácí a zahraniční odboj, vznik ČSR;test;15.6.2013;;;Dějepis;Novodobé dějiny;SVG3;Ilona Kadlecová;;;;
10;VY_32_INOVACE_D0110;;Versaillský systém;test;15.6.2013;;;Dějepis;Novodobé dějiny;SVG3;Ilona Kadlecová;;;;
11;VY_32_INOVACE_D0111;;Konference a smlouvy 20. a 30. let 20. století;test;15.6.2013;;;Dějepis;Novodobé dějiny;SVG3;Ilona Kadlecová;;;;
12;VY_32_INOVACE_D0112;;Židovská otázka;test;15.6.2013;;;Dějepis;Novodobé dějiny;SVG3;Ilona Kadlecová;;;;
13;VY_32_INOVACE_D0113;;Politický systém 1. republiky;test;15.6.2013;;;Dějepis;Novodobé dějiny;SVG3;Ilona Kadlecová;;;;
14;VY_32_INOVACE_D0114;;Fašistické a polofašistické režimy I.;test;15.6.2013;;;Dějepis;Novodobé dějiny;SVG3;Ilona Kadlecová;;;;
15;VY_32_INOVACE_D0115;;Fašistické a polofašistické režimy II.;test;15.6.2013;;;Dějepis;Novodobé dějiny;SVG3;Ilona Kadlecová;;;;
16;VY_32_INOVACE_D0116;;Sovětské Rusko a SSSR;test;15.6.2013;;;Dějepis;Novodobé dějiny;SVG3;Ilona Kadlecová;;;;
17;VY_32_INOVACE_D0117;;Evropské mocnosti v meziválečném období;test;15.6.2013;;;Dějepis;Novodobé dějiny;SVG3;Ilona Kadlecová;;;;
18;VY_32_INOVACE_D0118;;2. světová válka I.;test;15.6.2013;;;Dějepis;Novodobé dějiny;SVG3;Ilona Kadlecová;;;;
19;VY_32_INOVACE_D0119;;2. světová válka II.;test;15.6.2013;;;Dějepis;Novodobé dějiny;SVG3;Ilona Kadlecová;;;;
20;VY_32_INOVACE_D0120;;Češi a Slováci za 2. světové války;test;15.6.2013;;;Dějepis;Novodobé dějiny;SVG3;Ilona Kadlecová;;;0;
1;VY_32_INOVACE_D0201;;Poslední Přemyslovci;pracovní list;31.10.2013;;;Dějepis;Dějiny pozdního středověku a novověku do roku 1848;VG2;Milan Kratochvíl;;;1;
2;VY_32_INOVACE_D0202;;Lucemburkové;pracovní list;30.11.2013;;;Dějepis;Dějiny pozdního středověku a novověku do roku 1848;VG2;Milan Kratochvíl;;;;
3;VY_32_INOVACE_D0203;;Vrcholný středověk v Evropě;pracovní list;30.11.2013;;;Dějepis;Dějiny pozdního středověku a novověku do roku 1848;VG2;Milan Kratochvíl;;;;
4;VY_32_INOVACE_D0204;;Vpád Tatarů, turecká expanze;pracovní list;22.11.2013;;;Dějepis;Dějiny pozdního středověku a novověku do roku 1848;VG2;Milan Kratochvíl;;;;
5;VY_32_INOVACE_D0205;;Husitství;pracovní list;28.2.2013;;;Dějepis;Dějiny pozdního středověku a novověku do roku 1848;VG2;Milan Kratochvíl;;;;
6;VY_32_INOVACE_D0206;;Doba poděbradská a jagellonská;pracovní list;28.2.2013;;;Dějepis;Dějiny pozdního středověku a novověku do roku 1848;VG2;Milan Kratochvíl;;;;
7;VY_32_INOVACE_D0207;;Velké zeměpisné objevy;pracovní list;28.2.2013;;;Dějepis;Dějiny pozdního středověku a novověku do roku 1848;VG2;Milan Kratochvíl;;;;
8;VY_32_INOVACE_D0208;;Humanismus, reformace;pracovní list;31.3.2013;;;Dějepis;Dějiny pozdního středověku a novověku do roku 1848;VG2;Milan Kratochvíl;;;;
9;VY_32_INOVACE_D0209;;Počátky novověku;pracovní list;31.3.2013;;;Dějepis;Dějiny pozdního středověku a novověku do roku 1848;VG2;Milan Kratochvíl;;;;
10;VY_32_INOVACE_D0210;;České země jako součást habsburské monarchie;pracovní list;31.3.2013;;;Dějepis;Dějiny pozdního středověku a novověku do roku 1848;VG2;Milan Kratochvíl;;;;
11;VY_32_INOVACE_D0211;;Třicetiletá válka;pracovní list;30.4.2013;;;Dějepis;Dějiny pozdního středověku a novověku do roku 1848;VG2;Milan Kratochvíl;;;;
12;VY_32_INOVACE_D0212;;Evropa po třicetileté válce;pracovní list;30.4.2013;;;Dějepis;Dějiny pozdního středověku a novověku do roku 1848;VG2;Milan Kratochvíl;;;;
13;VY_32_INOVACE_D0213;;České země po třicetileté válce;pracovní list;30.4.2013;;;Dějepis;Dějiny pozdního středověku a novověku do roku 1848;VG2;Milan Kratochvíl;;;;
14;VY_32_INOVACE_D0214;;Osvícenský absolutismus v českých zemích;pracovní list;31.5.2013;;;Dějepis;Dějiny pozdního středověku a novověku do roku 1848;VG2;Milan Kratochvíl;;;;
15;VY_32_INOVACE_D0215;;Francie za absolutismu,VFR;pracovní list;31.5.2013;;;Dějepis;Dějiny pozdního středověku a novověku do roku 1848;VG2;Milan Kratochvíl;;;;
16;VY_32_INOVACE_D0216;;Anglická buržoazní revoluce;pracovní list;30.6.2013;;;Dějepis;Dějiny pozdního středověku a novověku do roku 1848;VG2;Milan Kratochvíl;;;;
17;VY_32_INOVACE_D0217;;Válka za nezávislost;pracovní list;30.6.2013;;;Dějepis;Dějiny pozdního středověku a novověku do roku 1848;VG2;Milan Kratochvíl;;;;
18;VY_32_INOVACE_D0218;;Napoleonské války;pracovní list;30.9.2013;;;Dějepis;Dějiny pozdního středověku a novověku do roku 1848;VG3;Milan Kratochvíl;;;;
19;VY_32_INOVACE_D0219;;Evropa ve 20. a 30. letech 19. století;pracovní list;31.10.2013;;;Dějepis;Dějiny pozdního středověku a novověku do roku 1848;VG3;Milan Kratochvíl;;;;
20;VY_32_INOVACE_D0220;;Rok 1848;pracovní list;31.10.2013;;;Dějepis;Dějiny pozdního středověku a novověku do roku 1848;VG3;Milan Kratochvíl;;;0;
1;VY_32_INOVACE_D0301;;Úvod do studia dějepisu;pracovní list;;;;Dějepis;Dějiny pravěku, starověku, raného středověku;NG1;Chudobová;;;1;
2;VY_32_INOVACE_D0302;;Pravěk;pracovní list;;;;Dějepis;Dějiny pravěku, starověku, raného středověku;NG1;Chudobová;;;;
3;VY_32_INOVACE_D0303;;Starověká Mezopotámie;pracovní list;;;;Dějepis;Dějiny pravěku, starověku, raného středověku;NG1;Chudobová;;;;
4;VY_32_INOVACE_D0304;;Starověký Egypt;pracovní list;;;;Dějepis;Dějiny pravěku, starověku, raného středověku;NG1;Chudobová;;;;
5;VY_32_INOVACE_D0305;;Starověké Řecko;pracovní list;;;;Dějepis;Dějiny pravěku, starověku, raného středověku;NG1;Chudobová;;;;
6;VY_32_INOVACE_D0306;;Římská republika;pracovní list;;;;Dějepis;Dějiny pravěku, starověku, raného středověku;NG1;Chudobová;;;;
7;VY_32_INOVACE_D0307;;Starověký Přední východ;pracovní list;;;;Dějepis;Dějiny pravěku, starověku, raného středověku;NG1;Chudobová;;;;
8;VY_32_INOVACE_D0308;;Starověká Indie a Čína;pracovní list;;;;Dějepis;Dějiny pravěku, starověku, raného středověku;NG1;Chudobová;;;;
9;VY_32_INOVACE_D0309;;Arabové, vznik islámu;pracovní list;;;;Dějepis;Dějiny pravěku, starověku, raného středověku;NG2;Chudobová;;;;
10;VY_32_INOVACE_D0310;;Křížové výpravy, románská kultura;pracovní list;;;;Dějepis;Dějiny pravěku, starověku, raného středověku;NG2;Chudobová;;;;
11;VY_32_INOVACE_D0311;;První Přemyslovci;pracovní list;;;;Dějepis;Dějiny pravěku, starověku, raného středověku;NG2;Chudobová;;;;
12;VY_32_INOVACE_D0312;;Raný feudalismus;pracovní list;;;;Dějepis;Dějiny pravěku, starověku, raného středověku;NG2;Chudobová;;;;
13;VY_32_INOVACE_D0313;;Vikingové;pracovní list;;;;Dějepis;Dějiny pravěku, starověku, raného středověku;NG2;Chudobová;;;;
14;VY_32_INOVACE_D0314;;Vznik států ve střední Evropě;pracovní list;;;;Dějepis;Dějiny pravěku, starověku, raného středověku;NG2;Chudobová;;;;
15;VY_32_INOVACE_D0315;;Počátky české státnosti;pracovní list;;;;Dějepis;Dějiny pravěku, starověku, raného středověku;VG2;Chudobová;;;;
16;VY_32_INOVACE_D0316;;Raný středověk;pracovní list;;;;Dějepis;Dějiny pravěku, starověku, raného středověku;VG2;Chudobová;;;;
17;VY_32_INOVACE_D0317;;Starověký Přední východ;pracovní list;;;;Dějepis;Dějiny pravěku, starověku, raného středověku;VG1;Chudobová;;;;
18;VY_32_INOVACE_D0318;;Římská republika;pracovní list;;;;Dějepis;Dějiny pravěku, starověku, raného středověku;VG1;Chudobová;;;;
19;VY_32_INOVACE_D0319;;Římské císařství;pracovní list;;;;Dějepis;Dějiny pravěku, starověku, raného středověku;VG1;Chudobová;;;;
20;VY_32_INOVACE_D0320;;Starověké Řecko;pracovní list;;;;Dějepis;Dějiny pravěku, starověku, raného středověku;VG1;Chudobová;;0;0;
1;VY_32_INOVACE_F0101;;Práce;pracovní list;30.9.2013;;;Fyzika;Fyzika pro NG – I;NG3, NG4;Lenka Mádrová;;1;1;
2;VY_32_INOVACE_F0102;;Práce;pracovní list;30.9.2013;;;Fyzika;Fyzika pro NG – I;NG3, NG4;Lenka Mádrová;;;;
3;VY_32_INOVACE_F0103;;Práce;pracovní list;30.9.2013;;;Fyzika;Fyzika pro NG – I;NG3, NG4;Lenka Mádrová;;;;
4;VY_32_INOVACE_F0104;;Výkon, účinnost;pracovní list;30.9.2013;;;Fyzika;Fyzika pro NG – I;NG3, NG4;Lenka Mádrová;;;;
5;VY_32_INOVACE_F0105;;Výkon, účinnost;pracovní list;30.9.2013;;;Fyzika;Fyzika pro NG – I;NG3, NG4;Lenka Mádrová;;;;
6;VY_32_INOVACE_F0106;;Mechanická energie;pracovní list;30.9.2013;;;Fyzika;Fyzika pro NG – I;NG3, NG4;Lenka Mádrová;;;;
7;VY_32_INOVACE_F0107;;Mechanická energie;pracovní list;30.9.2013;;;Fyzika;Fyzika pro NG – I;NG3, NG4;Lenka Mádrová;;;;
8;VY_32_INOVACE_F0108;;Energie, vzájemné přeměny energií;pracovní list;30.9.2013;;;Fyzika;Fyzika pro NG – I;NG3, NG4;Lenka Mádrová;;;;
9;VY_32_INOVACE_F0109;;Energie, vzájemné přeměny energií;pracovní list;30.9.2013;;;Fyzika;Fyzika pro NG – I;NG3, NG4;Lenka Mádrová;;;;
10;VY_32_INOVACE_F0110;;Teplo;pracovní list;30.11.2013;;;Fyzika;Fyzika pro NG – I;NG3, NG4;Lenka Mádrová;;;;
11;VY_32_INOVACE_F0111;;Teplo;pracovní list;30.11.2013;;;Fyzika;Fyzika pro NG – I;NG3, NG4;Lenka Mádrová;;;;
12;VY_32_INOVACE_F0112;;Kalorimetrická rovnice;pracovní list;30.11.2013;;;Fyzika;Fyzika pro NG – I;NG3, NG4;Lenka Mádrová;;;;
13;VY_32_INOVACE_F0113;;Kalorimetrická rovnice;pracovní list;30.11.2013;;;Fyzika;Fyzika pro NG – I;NG3, NG4;Lenka Mádrová;;;;
14;VY_32_INOVACE_F0114;;Tání, tuhnutí;pracovní list;30.11.2013;;;Fyzika;Fyzika pro NG – I;NG3, NG4;Lenka Mádrová;;;;
15;VY_32_INOVACE_F0115;;Vypařování, kondenzace, var;pracovní list;30.11.2013;;;Fyzika;Fyzika pro NG – I;NG3, NG4;Lenka Mádrová;;;;
16;VY_32_INOVACE_F0116;;Změny skupenství látek;pracovní list;30.11.2013;;;Fyzika;Fyzika pro NG – I;NG3, NG4;Lenka Mádrová;;;;
17;VY_32_INOVACE_F0117;;Změny skupenství látek;pracovní list;30.11.2013;;;Fyzika;Fyzika pro NG – I;NG3, NG4;Lenka Mádrová;;;;
18;VY_32_INOVACE_F0118;;Změny skupenství látek;pracovní list;30.11.2013;;;Fyzika;Fyzika pro NG – I;NG3, NG4;Lenka Mádrová;;;;
19;VY_32_INOVACE_F0119;;Zvukové jevy;pracovní list;15.6.2013;;;Fyzika;Fyzika pro NG – I;NG3, NG4;Lenka Mádrová;;;;
20;VY_32_INOVACE_F0120;;Zvukové jevy;pracovní list;15.6.2013;;;Fyzika;Fyzika pro NG – I;NG3, NG4;Lenka Mádrová;;;0;
1;VY_32_INOVACE_F0201;;Elektrický proud, el. napětí;pracovní list;20.12.2013;;;Fyzika;Fyzika pro NG – II;NG3, NG4;Lenka Mádrová;;;1;
2;VY_32_INOVACE_F0202;;Elektrický odpor;pracovní list;20.12.2013;;;Fyzika;Fyzika pro NG – II;NG3, NG4;Lenka Mádrová;;;;
3;VY_32_INOVACE_F0203;;Elektrický odpor;pracovní list;20.12.2013;;;Fyzika;Fyzika pro NG – II;NG3, NG4;Lenka Mádrová;;;;
4;VY_32_INOVACE_F0204;;Ohmův zákon;pracovní list;20.12.2013;;;Fyzika;Fyzika pro NG – II;NG3, NG4;Lenka Mádrová;;;;
5;VY_32_INOVACE_F0205;;Ohmův zákon;pracovní list;20.12.2013;;;Fyzika;Fyzika pro NG – II;NG3, NG4;Lenka Mádrová;;;;
6;VY_32_INOVACE_F0206;;Výsledný odpor rezistorů (sériové, paralelní zapojení);pracovní list;20.12.2013;;;Fyzika;Fyzika pro NG – II;NG3, NG4;Lenka Mádrová;;;;
7;VY_32_INOVACE_F0207;;Výsledný odpor rezistorů (sériové, paralelní zapojení);pracovní list;20.12.2013;;;Fyzika;Fyzika pro NG – II;NG3, NG4;Lenka Mádrová;;;;
8;VY_32_INOVACE_F0208;;Výsledný odpor rezistorů (sériové, paralelní zapojení);pracovní list;20.12.2013;;;Fyzika;Fyzika pro NG – II;NG3, NG4;Lenka Mádrová;;;;
9;VY_32_INOVACE_F0209;;Elektrická práce, elektrický příkon;pracovní list;20.12.2013;;;Fyzika;Fyzika pro NG – II;NG3, NG4;Lenka Mádrová;;;;
10;VY_32_INOVACE_F0210;;Elektrická práce, elektrický příkon;pracovní list;20.12.2013;;;Fyzika;Fyzika pro NG – II;NG3, NG4;Lenka Mádrová;;;;
11;VY_32_INOVACE_F0211;;Elektrická práce, elektrický příkon;pracovní list;20.12.2013;;;Fyzika;Fyzika pro NG – II;NG3, NG4;Lenka Mádrová;;;;
12;VY_32_INOVACE_F0212;;Elektrická práce, elektrický příkon;pracovní list;20.12.2013;;;Fyzika;Fyzika pro NG – II;NG3, NG4;Lenka Mádrová;;;;
13;VY_32_INOVACE_F0213;;Kondenzátory;pracovní list;20.12.2013;;;Fyzika;Fyzika pro NG – II;NG3, NG4;Lenka Mádrová;;;;
14;VY_32_INOVACE_F0214;;Kondenzátory;pracovní list;20.12.2013;;;Fyzika;Fyzika pro NG – II;NG3, NG4;Lenka Mádrová;;;;
15;VY_32_INOVACE_F0215;;Střídavý proud a napětí;pracovní list;30.3.2014;;;Fyzika;Fyzika pro NG – II;NG4;Lenka Mádrová;;;;
16;VY_32_INOVACE_F0216;;Střídavý proud a napětí;pracovní list;30.3.2014;;;Fyzika;Fyzika pro NG – II;NG4;Lenka Mádrová;;;;
17;VY_32_INOVACE_F0217;;Střídavý proud a napětí;pracovní list;30.3.2014;;;Fyzika;Fyzika pro NG – II;NG4;Lenka Mádrová;;;;
18;VY_32_INOVACE_F0218;;Střídavý proud a napětí;pracovní list;30.3.2014;;;Fyzika;Fyzika pro NG – II;NG4;Lenka Mádrová;;;;
19;VY_32_INOVACE_F0219;;Střídavý proud a napětí;pracovní list;30.3.2014;;;Fyzika;Fyzika pro NG – II;NG4;Lenka Mádrová;;;;
20;VY_32_INOVACE_F0220;;Střídavý proud a napětí;pracovní list;30.3.2014;;;Fyzika;Fyzika pro NG – II;NG4;Lenka Mádrová;;;0;
1;VY_32_INOVACE_F0301;;Vrhy;Pracovní list;30.3.2013;;;Fyzika;Využití fyzikálních appletů;VG1;Pavlína Horáčková;;;1;
2;VY_32_INOVACE_F0302;;Tlak a proudění tekutin;Pracovní list;1.3.2013;;;Fyzika;Využití fyzikálních appletů;VG1;Pavlína Horáčková;;;;
3;VY_32_INOVACE_F0303;;Vztlak;Pracovní list;1.3.2013;;;Fyzika;Využití fyzikálních appletů;VG1;Pavlína Horáčková;;;;
4;VY_32_INOVACE_F0304;;Přeměny mechanické energie;Pracovní list;15.2.2013;;;Fyzika;Využití fyzikálních appletů;VG1;Pavlína Horáčková;;;;
5;VY_32_INOVACE_F0305;;Rádiové vlny;Prezentace;1.2.2013;;;Fyzika;Využití fyzikálních appletů;VG3;Pavlína Horáčková;;;;
6;VY_32_INOVACE_F0306;;Mikrovlny;Prezentace;1.2.2013;;;Fyzika;Využití fyzikálních appletů;VG3;Pavlína Horáčková;;;;
7;VY_32_INOVACE_F0307;;Postupná vlna v řadě bodů;Pracovní list;1.2.2013;;;Fyzika;Využití fyzikálních appletů;VG3;Pavlína Horáčková;;;;
8;VY_32_INOVACE_F0308;;Interference vlnění;Pracovní list;1.2.2013;;;Fyzika;Využití fyzikálních appletů;VG3;Pavlína Horáčková;;;;
9;VY_32_INOVACE_F0309;;Stojaté vlnění;Prezentace;1.2.2013;;;Fyzika;Využití fyzikálních appletů;VG3;Pavlína Horáčková;;;;
10;VY_32_INOVACE_F0310;;Huygensův princip;Prezentace;1.2.2013;;;Fyzika;Využití fyzikálních appletů;VG3;Pavlína Horáčková;;;;
11;VY_32_INOVACE_F0311;;Lom paprsku;Pracovní list;1.3.2013;;;Fyzika;Využití fyzikálních appletů;VG3;Pavlína Horáčková;;;;
12;VY_32_INOVACE_F0312;;Odraz paprsku;Pracovní list;1.3.2013;;;Fyzika;Využití fyzikálních appletů;VG3;Pavlína Horáčková;;;;
13;VY_32_INOVACE_F0313;;Zobrazení čočkou;Pracovní list;1.3.2013;;;Fyzika;Využití fyzikálních appletů;VG3;Pavlína Horáčková;;;;
14;VY_32_INOVACE_F0314;;Zobrazení kulovými zrcadly;Pracovní list;1.3.2013;;;Fyzika;Využití fyzikálních appletů;VG3;Pavlína Horáčková;;;;
15;VY_32_INOVACE_F0315;;Ohyb na štěrbině;Pracovní list;1.3.2013;;;Fyzika;Využití fyzikálních appletů;VG3;Pavlína Horáčková;;;;
16;VY_32_INOVACE_F0316;;Fotoefekt;Prezentace;1.4.2013;;;Fyzika;Využití fyzikálních appletů;VG3;Pavlína Horáčková;;;;
17;VY_32_INOVACE_F0317;;Alfa a beta rozpad, rozpadové řady;Prezentace;1.4.2013;;;Fyzika;Využití fyzikálních appletů;VG3;Pavlína Horáčková;;;;
18;VY_32_INOVACE_F0318;;Princip laseru;Prezentace;1.4.2013;;;Fyzika;Využití fyzikálních appletů;VG3;Pavlína Horáčková;;;;
19;VY_32_INOVACE_F0319;;Vlastnosti plynů;Pracovní list;1.6.2013;;;Fyzika;Využití fyzikálních appletů;VG2;Pavlína Horáčková;;;;
20;VY_32_INOVACE_F0320;;Děje v olynech;Prezentace;1.6.2013;;;Fyzika;Využití fyzikálních appletů;VG2;Pavlína Horáčková;;0;0;
1;VY_32_INOVACE_Ch0101;pdf;Filtrace;pracovní list;15.9.2012;10.10.2012;3.A, 7.A;Chemie;Soubor návodů k laboratorním cvičením (praktikum chemie);VG3-VP;Zbyněk Vlk;;1;1;
2;VY_32_INOVACE_Ch0102;pdf;Dekantace, sublimace;pracovní list;30.9.2012;24.10.2012;3.A, 7.A;Chemie;Soubor návodů k laboratorním cvičením (praktikum chemie);VG3-VP;Zbyněk Vlk;;;;
3;VY_32_INOVACE_Ch0103;pdf;Krystalizace;pracovní list;30.9.2012;7.11.2012;3.A, 7.A;Chemie;Soubor návodů k laboratorním cvičením (praktikum chemie);VG3-VP;Zbyněk Vlk;;;;
4;VY_32_INOVACE_Ch0104;pdf;Destilace;pracovní list;31.10.2012;28.11.2012;3.A, 7.A;Chemie;Soubor návodů k laboratorním cvičením (praktikum chemie);VG3-VP;Zbyněk Vlk;;;;
5;VY_32_INOVACE_Ch0105;pdf;Extrakce;pracovní list;30.11.2012;5.12.2012;3.A, 7.A;Chemie;Soubor návodů k laboratorním cvičením (praktikum chemie);VG3-VP;Zbyněk Vlk;;;;
6;VY_32_INOVACE_Ch0106;pdf;Chromatografie;pracovní list;30.11.2012;12.12.2012;3.A, 7.A;Chemie;Soubor návodů k laboratorním cvičením (praktikum chemie);VG3-VP;Zbyněk Vlk;;;;
7;VY_32_INOVACE_Ch0107;pdf;Acidimetrie  – stanovení NaOH;pracovní list;10.12.2012;9.1.2013;3.A, 7.A;Chemie;Soubor návodů k laboratorním cvičením (praktikum chemie);VG3-VP;Zbyněk Vlk;;;;
8;VY_32_INOVACE_Ch0108;pdf;Acidimetrie  – stanovení přechodné tvrdosti vody;pracovní list;10.12.2012;16.1.2013;3.A, 7.A;Chemie;Soubor návodů k laboratorním cvičením (praktikum chemie);VG3-VP;Zbyněk Vlk;;;;
9;VY_32_INOVACE_Ch0109;pdf;Chelatometrie – stanovení kationtů Ca2+ a Mg2+ ve vodě;pracovní list;31.12.2012;23.1.2013;3.A, 7.A;Chemie;Soubor návodů k laboratorním cvičením (praktikum chemie);VG3-VP;Zbyněk Vlk;;;;
10;VY_32_INOVACE_Ch0110;pdf;Manganometrie – příprava odměrného roztoku a stanovení jeho faktoru;pracovní list;15.1.2013;30.1.2013;3.A, 7.A;Chemie;Soubor návodů k laboratorním cvičením (praktikum chemie);VG3-VP;Zbyněk Vlk;;;;
11;VY_32_INOVACE_Ch0111;pdf;Manganometrie – stanovení H2O2;pracovní list;15.1.2013;6.2.2013;3.A, 7.A;Chemie;Soubor návodů k laboratorním cvičením (praktikum chemie);VG3-VP;Zbyněk Vlk;;;;
12;VY_32_INOVACE_Ch0112;pdf;Gravimetrie – stanovení Fe v FeSO4 . 7 H2O;pracovní list;31.1.2013;27.2.2013;3.A, 7.A;Chemie;Soubor návodů k laboratorním cvičením (praktikum chemie);VG3-VP;Zbyněk Vlk;;;;
13;VY_32_INOVACE_Ch0113;pdf;Plynoměrné stanovení CaCO3;pracovní list;28.2.2013;20.3.2013;3.A, 7.A;Chemie;Soubor návodů k laboratorním cvičením (praktikum chemie);VG3-VP;Zbyněk Vlk;;;;
14;VY_32_INOVACE_Ch0114;pdf;Rychlost chemických reakcí;pracovní list;28.2.2013;27.3.2013;3.A, 7.A;Chemie;Soubor návodů k laboratorním cvičením (praktikum chemie);VG3-VP;Zbyněk Vlk;;;;
15;VY_32_INOVACE_Ch0115;pdf;Kvalitativní analýza organických sloučenin;pracovní list;15.3.2013;3.4.2013;3.A, 7.A;Chemie;Soubor návodů k laboratorním cvičením (praktikum chemie);VG3-VP;Zbyněk Vlk;;;;
16;VY_32_INOVACE_Ch0116;pdf;Analýza rostlinného nebo živočišného popela;pracovní list;15.3.2013;10.4.2013;3.A, 7.A;Chemie;Soubor návodů k laboratorním cvičením (praktikum chemie);VG3-VP;Zbyněk Vlk;;;;
17;VY_32_INOVACE_Ch0117;pdf;Reakce mědi a jejích sloučenin;pracovní list;31.3.2013;17.4.2013;3.A, 7.A;Chemie;Soubor návodů k laboratorním cvičením (praktikum chemie);VG3-VP;Zbyněk Vlk;;;;
18;VY_32_INOVACE_Ch0118;pdf;Reakce sacharidů;pracovní list;31.3.2013;15.5.2013;3.A, 7.A;Chemie;Soubor návodů k laboratorním cvičením (praktikum chemie);VG3-VP;Zbyněk Vlk;;;;
19;VY_32_INOVACE_Ch0119;pdf;Reakce aminokyselin a bílkovin;pracovní list;20.5.2013;12.6.2013;3.A, 7.A;Chemie;Soubor návodů k laboratorním cvičením (praktikum chemie);VG3-VP;Zbyněk Vlk;;;;
20;VY_32_INOVACE_Ch0120;pdf;Biokatalyzátory – enzymy;pracovní list;20.5.2013;5.6.2013;3.A, 7.A;Chemie;Soubor návodů k laboratorním cvičením (praktikum chemie);VG3-VP;Zbyněk Vlk;;;0;
1;VY_32_INOVACE_Ch0201;;Aminokyseliny;pracovní list;10.1.2013;;;Chemie;Biochemie pro semináře z chemie;VG4-S;Jana Drlíková;;;1;
2;VY_32_INOVACE_Ch0202;;Lipidy – význam a chemické složení;pracovní list;15.1.2013;;;Chemie;Biochemie pro semináře z chemie;VG4-S;Jana Drlíková;;;;
3;VY_32_INOVACE_Ch0203;;Lipidy – fyzikální a chemické vlastnosti;pracovní list;15.1.2013;;;Chemie;Biochemie pro semináře z chemie;VG4-S;Jana Drlíková;;;;
4;VY_32_INOVACE_Ch0204;;Terpeny- základní zástupci, jejich složení a význam;pracovní list;20.1.2013;;;Chemie;Biochemie pro semináře z chemie;VG4-S;Jana Drlíková;;;;
5;VY_32_INOVACE_Ch0205;;Steroidy;pracovní list;25.1.2013;;;Chemie;Biochemie pro semináře z chemie;VG4-S;Jana Drlíková;;;;
6;VY_32_INOVACE_Ch0206;;Monosacharidy- rozdělení, konfigurační souvislosti, používané vzorce;pracovní list;30.1.2013;;;Chemie;Biochemie pro semináře z chemie;VG4-S;Jana Drlíková;;;;
7;VY_32_INOVACE_Ch0207;;Monosacharidy – fyzikální a chemické vlastnosti;pracovní list;30.1.2013;;;Chemie;Biochemie pro semináře z chemie;VG4-S;Jana Drlíková;;;;
8;VY_32_INOVACE_Ch0208;;Disacharidy – rozdělení, základní zástupci;pracovní list;5.2.2013;;;Chemie;Biochemie pro semináře z chemie;VG4-S;Jana Drlíková;;;;
9;VY_32_INOVACE_Ch0209;;Polysacharidy – rozdělení, základní zástupci;pracovní list;5.2.2013;;;Chemie;Biochemie pro semináře z chemie;VG4-S;Jana Drlíková;;;;
10;VY_32_INOVACE_Ch0210;;Nukleové kyseliny – chemické složení, struktura a funkce;pracovní list;10.2.2013;;;Chemie;Biochemie pro semináře z chemie;VG4-S;Jana Drlíková;;;;
11;VY_32_INOVACE_Ch0211;;Polypeptidy a bílkoviny - chemické složení, struktura a funkce;pracovní list;10.2.2013;;;Chemie;Biochemie pro semináře z chemie;VG4-S;Jana Drlíková;;;;
12;VY_32_INOVACE_Ch0212;;Metabolismus lipidů – odbourávání;pracovní list;15.2.2013;;;Chemie;Biochemie pro semináře z chemie;VG4-S;Jana Drlíková;;;;
13;VY_32_INOVACE_Ch0213;;Metabolismus lipidů – vznik;pracovní list;15.2.2013;;;Chemie;Biochemie pro semináře z chemie;VG4-S;Jana Drlíková;;;;
14;VY_32_INOVACE_Ch0214;;Fotosyntéza světelná fáze;pracovní list;20.2.2013;;;Chemie;Biochemie pro semináře z chemie;VG4-S;Jana Drlíková;;;;
15;VY_32_INOVACE_Ch0215;;Fotosyntéza – Calvinův cyklus;pracovní list;20.2.2013;;;Chemie;Biochemie pro semináře z chemie;VG4-S;Jana Drlíková;;;;
16;VY_32_INOVACE_Ch0216;;Metabolismus sacharidů;pracovní list;25.2.2013;;;Chemie;Biochemie pro semináře z chemie;VG4-S;Jana Drlíková;;;;
17;VY_32_INOVACE_Ch0217;;Odbourávání aminokyselin;pracovní list;1.3.2013;;;Chemie;Biochemie pro semináře z chemie;VG4-S;Jana Drlíková;;;;
18;VY_32_INOVACE_Ch0218;;Odbourávání bílkovin;pracovní list;5.3.2013;;;Chemie;Biochemie pro semináře z chemie;VG4-S;Jana Drlíková;;;;
19;VY_32_INOVACE_Ch0219;;Biosyntéza nukleových kyselin;pracovní list;10.3.2013;;;Chemie;Biochemie pro semináře z chemie;VG4-S;Jana Drlíková;;;;
20;VY_32_INOVACE_Ch0220;;Proteosyntéza;pracovní list;20.3.2013;;;Chemie;Biochemie pro semináře z chemie;VG4-S;Jana Drlíková;;;0;
1;VY_32_INOVACE_Ch0301;;Roztoky - rozpustnost;pracovní list;9.9.2013;;;Chemie;Chemické výpočty;VG2;Vladana Špůrková;;;1;
2;VY_32_INOVACE_Ch0302;;Roztoky - hmotnostní zlomek;pracovní list;16.9.2013;;;Chemie;Chemické výpočty;VG2;Vladana Špůrková;;;;
3;VY_32_INOVACE_Ch0303;;Roztoky - objemový zlomek;pracovní list;23.9.2013;;;Chemie;Chemické výpočty;VG2;Vladana Špůrková;;;;
4;VY_32_INOVACE_Ch0304;;Roztoky - látková koncentrace;pracovní list;30.9.2013;;;Chemie;Chemické výpočty;VG2;Vladana Špůrková;;;;
5;VY_32_INOVACE_Ch0305;;Roztoky - směšovací rovnice;pracovní list;8.10.2013;;;Chemie;Chemické výpočty;VG2;Vladana Špůrková;;;;
6;VY_32_INOVACE_Ch0306;;Roztoky - zřeďovací rovnice;pracovní list;15.10.2013;;;Chemie;Chemické výpočty;VG2;Vladana Špůrková;;;;
7;VY_32_INOVACE_Ch0307;;Úprava redoxních rovnic - základní postup;pracovní list;22.10.2013;;;Chemie;Chemické výpočty;VG2;Vladana Špůrková;;;;
8;VY_32_INOVACE_Ch0308;;Úprava redoxních rovnic  - disproporcionace, synproporcionace;pracovní list;5.11.2013;;;Chemie;Chemické výpočty;VG2;Vladana Špůrková;;;;
9;VY_32_INOVACE_Ch0309;;Úprava redoxních rovnic - vyšší obtížnost;pracovní list;12.11.2013;;;Chemie;Chemické výpočty;VG2;Vladana Špůrková;;;;
10;VY_32_INOVACE_Ch0310;;Úprava redoxních rovnic - zkrácený iontový zápis;pracovní list;19.11.2013;;;Chemie;Chemické výpočty;VG2;Vladana Špůrková;;;;
11;VY_32_INOVACE_Ch0311;;Výpočty z chemických rovnic;pracovní list;26.11.2013;;;Chemie;Chemické výpočty;VG2;Vladana Špůrková;;;;
12;VY_32_INOVACE_Ch0312;;Výpočty z chemických rovnic - roztoky;pracovní list;2.12.2013;;;Chemie;Chemické výpočty;VG2;Vladana Špůrková;;;;
13;VY_32_INOVACE_Ch0313;;Výpočty z chemických rovnic - nadbytek;pracovní list;4.12.2013;;;Chemie;Chemické výpočty;VG2;Vladana Špůrková;;;;
14;VY_32_INOVACE_Ch0314;;Termochemie - 1., 2. termochemický zákon;pracovní list;11.12.2013;;;Chemie;Chemické výpočty;VG2;Vladana Špůrková;;;;
15;VY_32_INOVACE_Ch0315;;Termochemie - spalné a slučovací teplo;pracovní list;18.12.2013;;;Chemie;Chemické výpočty;VG2;Vladana Špůrková;;;;
16;VY_32_INOVACE_Ch0316;;Srážecí rovnováhy;pracovní list;15.2.2014;;;Chemie;Chemické výpočty;VG2;Vladana Špůrková;;;;
17;VY_32_INOVACE_Ch0317;;Výpočty pH;pracovní list;6.2.2014;;;Chemie;Chemické výpočty;VG2;Vladana Špůrková;;;;
18;VY_32_INOVACE_Ch0318;;Výpočty základních veličin;pracovní list;10.10.2013;;;Chemie;Chemické výpočty;VG1;Vladana Špůrková;;;;
19;VY_32_INOVACE_Ch0319;;Výpočty z chemického vzorce;pracovní list;16.1.2013;;;Chemie;Chemické výpočty;VG1;Vladana Špůrková;;;;
20;VY_32_INOVACE_Ch0320;;Výpočty chemického vzorce;pracovní list;23.1.2013;;;Chemie;Chemické výpočty;VG1;Vladana Špůrková;;0;0;
1;VY_32_INOVACE_M0101;pdf;Lineární funkce;prezentace;;;;Matematika;Funkce a jejich vlastnosti;VG2;Jaroslav Hajtmar;_linearni_funkce;1;1;
2;VY_32_INOVACE_M0102;pdf;Lineární funkce;pracovní list;;;;Matematika;Funkce a jejich vlastnosti;VG2;Jaroslav Hajtmar;;;;
3;VY_32_INOVACE_M0103;pdf;Kvadratická funkce;prezentace;;;;Matematika;Funkce a jejich vlastnosti;VG2;Jaroslav Hajtmar;_kvadraticka_funkce;;;
4;VY_32_INOVACE_M0104;pdf;Kvadratická funkce;pracovní list;;;;Matematika;Funkce a jejich vlastnosti;VG2;Jaroslav Hajtmar;;;;
5;VY_32_INOVACE_M0105;pdf;Mocninná funkce;prezentace;;;;Matematika;Funkce a jejich vlastnosti;VG2;Jaroslav Hajtmar;;;;
6;VY_32_INOVACE_M0106;pdf;Mocninná funkce;pracovní list;;;;Matematika;Funkce a jejich vlastnosti;VG2;Jaroslav Hajtmar;;;;
7;VY_32_INOVACE_M0107;pdf;Racionální lomená a lineární lomená funkce;pracovní list;;;;Matematika;Funkce a jejich vlastnosti;VG2;Jaroslav Hajtmar;;;;
8;VY_32_INOVACE_M0108;pdf;Inverzní funkce;pracovní list;;;;Matematika;Funkce a jejich vlastnosti;VG2;Jaroslav Hajtmar;;;;
9;VY_32_INOVACE_M0109;pdf;Iracionální funkce;prezentace;;;;Matematika;Funkce a jejich vlastnosti;VG2;Jaroslav Hajtmar;;;;
10;VY_32_INOVACE_M0110;pdf;Iracionální funkce;pracovní list;;;;Matematika;Funkce a jejich vlastnosti;VG2;Jaroslav Hajtmar;_exponencialni_funkce;;;
11;VY_32_INOVACE_M0111;pdf;Exponenciální funkce;prezentace;;;;Matematika;Funkce a jejich vlastnosti;VG3;Jaroslav Hajtmar;;;;
12;VY_32_INOVACE_M0112;pdf;Exponenciální funkce;pracovní list;;;;Matematika;Funkce a jejich vlastnosti;VG3;Jaroslav Hajtmar;_logaritmicka_funkce;;;
13;VY_32_INOVACE_M0113;pdf;Logaritmická funkce;prezentace;;;;Matematika;Funkce a jejich vlastnosti;VG2;Jaroslav Hajtmar;;;;
14;VY_32_INOVACE_M0114;pdf;Logaritmická funkce;pracovní list;;;;Matematika;Funkce a jejich vlastnosti;VG2;Jaroslav Hajtmar;_sinus_a_kosinus_funkce;;;
15;VY_32_INOVACE_M0115;pdf;Goniometrické funkce sinus a kosinus;prezentace;;;;Matematika;Funkce a jejich vlastnosti;VG2;Jaroslav Hajtmar;;;;
16;VY_32_INOVACE_M0116;pdf;Goniometrické funkce tangens a kotangens;prezentace;;;;Matematika;Funkce a jejich vlastnosti;VG2;Jaroslav Hajtmar;_tangens_a_kotangens_funkce;;;
17;VY_32_INOVACE_M0117;pdf;Goniometrické funkce;pracovní list;;;;Matematika;Funkce a jejich vlastnosti;VG2;Jaroslav Hajtmar;;;;
18;VY_32_INOVACE_M0118;pdf;Goniometrické funkce s absolutní hodnotou;pracovní list;;;;Matematika;Funkce a jejich vlastnosti;VG2,3;Jaroslav Hajtmar;;;;
19;VY_32_INOVACE_M0119;pdf;Cyklometrické funkce;prezentace;;;;Matematika;Funkce a jejich vlastnosti;VG2,3;Jaroslav Hajtmar;;;;
20;VY_32_INOVACE_M0120;pdf;Cyklometrické funkce;pracovní list;;;;Matematika;Funkce a jejich vlastnosti;VG2;Jaroslav Hajtmar;;;0;
1;VY_32_INOVACE_M0201;pdf;Přímka v E2;prezentace;;;;Matematika;Analytická geometrie;VG3;Jaroslav Hajtmar;;;1;
2;VY_32_INOVACE_M0202;pdf;Přímka v E2;pracovní list;;;;Matematika;Analytická geometrie;VG3;Jaroslav Hajtmar;;;;
3;VY_32_INOVACE_M0203;pdf;Vzájemná poloha přímek v E2;pracovní list;;;;Matematika;Analytická geometrie;VG3;Jaroslav Hajtmar;;;;
4;VY_32_INOVACE_M0204;pdf;Metrické úlohy v E2;pracovní list;;;;Matematika;Analytická geometrie;VG3;Jaroslav Hajtmar;;;;
5;VY_32_INOVACE_M0205;pdf;Přímka v E3;prezentace;;;;Matematika;Analytická geometrie;VG3;Jaroslav Hajtmar;;;;
6;VY_32_INOVACE_M0206;pdf;Přímka v E3;pracovní list;;;;Matematika;Analytická geometrie;VG3;Jaroslav Hajtmar;;;;
7;VY_32_INOVACE_M0207;pdf;Rovina;prezentace;;;;Matematika;Analytická geometrie;VG3;Jaroslav Hajtmar;;;;
8;VY_32_INOVACE_M0208;pdf;Rovina;pracovní list;;;;Matematika;Analytická geometrie;VG3;Jaroslav Hajtmar;;;;
9;VY_32_INOVACE_M0209;pdf;Vzájemná poloha přímek a rovin v E3;pracovní list;;;;Matematika;Analytická geometrie;VG3;Jaroslav Hajtmar;;;;
10;VY_32_INOVACE_M0210;pdf;Metrické úlohy v E3;pracovní list;;;;Matematika;Analytická geometrie;VG3;Jaroslav Hajtmar;;;;
11;VY_32_INOVACE_M0211;pdf;Kuželosečky;prezentace;26.1.2013;;;Matematika;Analytická geometrie;VG3;Jaroslav Hajtmar;;;;
12;VY_32_INOVACE_M0212;pdf;Kružnice;prezentace;26.1.2013;;;Matematika;Analytická geometrie;VG3;Jaroslav Hajtmar;_kruznice;;;
13;VY_32_INOVACE_M0213;pdf;Kružnice;pracovní list;27.1.2013;;;Matematika;Analytická geometrie;VG3;Jaroslav Hajtmar;;;;
14;VY_32_INOVACE_M0214;pdf;Elipsa;prezentace;22.1.2013;;;Matematika;Analytická geometrie;VG3;Jaroslav Hajtmar;_elipsa;;;
15;VY_32_INOVACE_M0215;pdf;Elipsa;pracovní list;27.1.2013;;;Matematika;Analytická geometrie;VG3;Jaroslav Hajtmar;;;;
16;VY_32_INOVACE_M0216;pdf;Parabola;prezentace;25.5.2013;;;Matematika;Analytická geometrie;VG3;Jaroslav Hajtmar;_parabola;;;
17;VY_32_INOVACE_M0217;pdf;Parabola;pracovní list;25.5.2013;;;Matematika;Analytická geometrie;VG3;Jaroslav Hajtmar;;;;
18;VY_32_INOVACE_M0218;pdf;Hyperbola;prezentace;25.5.2013;;;Matematika;Analytická geometrie;VG3;Jaroslav Hajtmar;_hyperbola;;;
19;VY_32_INOVACE_M0219;pdf;Hyperbola;pracovní list;25.5.2013;;;Matematika;Analytická geometrie;VG3;Jaroslav Hajtmar;;;;
20;VY_32_INOVACE_M0220;pdf;Tečna kuželosečky;pracovní list;;;;Matematika;Analytická geometrie;VG3;Jaroslav Hajtmar;;;0;
1;VY_32_INOVACE_M0301;pdf;Vlastnosti funkcí;prezentace;;;;Matematika;Diferenciální a integrální počet;VG4;Jaroslav Hajtmar;;;1;
2;VY_32_INOVACE_M0302;pdf;Definiční obory funkcí;pracovní list;;;;Matematika;Diferenciální a integrální počet;VG4;Jaroslav Hajtmar;;;;
3;VY_32_INOVACE_M0303;pdf;Limita funkce - limita ve vlastním bodě;prezentace;;;;Matematika;Diferenciální a integrální počet;VG4;Jaroslav Hajtmar;;;;
4;VY_32_INOVACE_M0304;pdf;Limita funkce - limita ve nevlastním bodě;prezentace;;;;Matematika;Diferenciální a integrální počet;VG4;Jaroslav Hajtmar;;;;
5;VY_32_INOVACE_M0305;pdf;Test na procvičování výpočtu limit;pracovní list;;;;Matematika;Diferenciální a integrální počet;VG4;Jaroslav Hajtmar;;;;
6;VY_32_INOVACE_M0306;pdf;Derivace funkce;prezentace;;;;Matematika;Diferenciální a integrální počet;VG4;Jaroslav Hajtmar;;;;
7;VY_32_INOVACE_M0307;pdf;Výpočet derivací;pracovní list;;;;Matematika;Diferenciální a integrální počet;VG4;Jaroslav Hajtmar;;;;
8;VY_32_INOVACE_M0308;pdf;Derivace implicitní funkce;pracovní list;;;;Matematika;Diferenciální a integrální počet;VG4;Jaroslav Hajtmar;;;;
9;VY_32_INOVACE_M0309;pdf;Aplikace derivace - monotonnost, extrémy;prezentace;;;;Matematika;Diferenciální a integrální počet;VG4;Jaroslav Hajtmar;;;;
10;VY_32_INOVACE_M0310;pdf;Aplikace derivace - konvexnost, konkávnost, inflexe;prezentace;;;;Matematika;Diferenciální a integrální počet;VG4;Jaroslav Hajtmar;;;;
11;VY_32_INOVACE_M0311;pdf;Aplikace derivací;pracovní list;;;;Matematika;Diferenciální a integrální počet;VG4;Jaroslav Hajtmar;;;;
12;VY_32_INOVACE_M0312;pdf;Primitivní funkce a neurčitý integrál;prezentace;;;;Matematika;Diferenciální a integrální počet;VG4;Jaroslav Hajtmar;;;;
13;VY_32_INOVACE_M0313;pdf;Integrace přímou metodou;pracovní list;;;;Matematika;Diferenciální a integrální počet;VG4;Jaroslav Hajtmar;;;;
14;VY_32_INOVACE_M0314;pdf;Integrace - substituční metoda;prezentace;;;;Matematika;Diferenciální a integrální počet;VG4;Jaroslav Hajtmar;;;;
15;VY_32_INOVACE_M0315;pdf;"Integrace - metoda ""per partes""";prezentace;;;;Matematika;Diferenciální a integrální počet;VG4;Jaroslav Hajtmar;;;;
16;VY_32_INOVACE_M0316;pdf;Integrace - pomocí rozkladu na parciální zlomky;prezentace;;;;Matematika;Diferenciální a integrální počet;VG4;Jaroslav Hajtmar;;;;
17;VY_32_INOVACE_M0317;pdf;Integrace;pracovní list;;;;Matematika;Diferenciální a integrální počet;VG4;Jaroslav Hajtmar;;;;
18;VY_32_INOVACE_M0318;pdf;Určitý integrál;prezentace;;;;Matematika;Diferenciální a integrální počet;VG4;Jaroslav Hajtmar;;;;
19;VY_32_INOVACE_M0319;pdf;Aplikace integrálního počtu;prezentace;;;;Matematika;Diferenciální a integrální počet;VG4;Jaroslav Hajtmar;;;;
20;VY_32_INOVACE_M0320;pdf;Aplikace integrálního počtu;pracovní list;;;;Matematika;Diferenciální a integrální počet;VG4;Jaroslav Hajtmar;;0;0;
1;VY_32_INOVACE_ICT0101;;Přímé programování robota - jízda vpřed a vzad;pracovní list;30.3.2013;;;ICT;Programování a algoritmizace (LEGO roboti);NG1;Pavlína Horáčková;;1;1;
2;VY_32_INOVACE_ICT0102;;Přímé programování robota - jízda do čtverce;pracovní list;30.3.2013;;;ICT;Programování a algoritmizace (LEGO roboti);NG1;Pavlína Horáčková;;;;
3;VY_32_INOVACE_ICT0103;;Přímé programování robota - reakce na překážku;pracovní list;30.3.2013;;;ICT;Programování a algoritmizace (LEGO roboti);NG1;Pavlína Horáčková;;;;
4;VY_32_INOVACE_ICT0104;;Přímé programování robota - reakce na zvuk;pracovní list;30.3.2013;;;ICT;Programování a algoritmizace (LEGO roboti);NG1;Pavlína Horáčková;;;;
5;VY_32_INOVACE_ICT0105;;Jízda vpřed a vzad;pracovní list;30.3.2013;;;ICT;Programování a algoritmizace (LEGO roboti);NG1;Pavlína Horáčková;;;;
6;VY_32_INOVACE_ICT0106;;Jízda do čtverce;pracovní list;30.3.2013;;;ICT;Programování a algoritmizace (LEGO roboti);NG1;Pavlína Horáčková;;;;
7;VY_32_INOVACE_ICT0107;;Jízda do kruhu;pracovní list;30.3.2013;;;ICT;Programování a algoritmizace (LEGO roboti);NG1;Pavlína Horáčková;;;;
8;VY_32_INOVACE_ICT0108;;Reakce na překážku - tlakový senzor;pracovní list;30.3.2013;;;ICT;Programování a algoritmizace (LEGO roboti);NG1;Pavlína Horáčková;;;;
9;VY_32_INOVACE_ICT0109;;Reakce na zvuk - zrychlení;pracovní list;30.3.2013;;;ICT;Programování a algoritmizace (LEGO roboti);NG1;Pavlína Horáčková;;;;
10;VY_32_INOVACE_ICT0110;;Reakce na zvuk - tanec;pracovní list;30.3.2013;;;ICT;Programování a algoritmizace (LEGO roboti);NG1;Pavlína Horáčková;;;;
11;VY_32_INOVACE_ICT0111;;Reakce na vzdálenost - ultrazvukový senzor;pracovní list;30.3.2013;;;ICT;Programování a algoritmizace (LEGO roboti);NG1;Pavlína Horáčková;;;;
12;VY_32_INOVACE_ICT0112;;Nalezení černé čáry;pracovní list;30.3.2013;;;ICT;Programování a algoritmizace (LEGO roboti);NG1;Pavlína Horáčková;;;;
13;VY_32_INOVACE_ICT0113;;Jízda po čáře;pracovní list;30.3.2013;;;ICT;Programování a algoritmizace (LEGO roboti);NG1;Pavlína Horáčková;;;;
14;VY_32_INOVACE_ICT0114;;Rozpoznávání barev;pracovní list;30.3.2013;;;ICT;Programování a algoritmizace (LEGO roboti);NG1;Pavlína Horáčková;;;;
15;VY_32_INOVACE_ICT0115;;Měření reakční doby;pracovní list;30.3.2013;;;ICT;Programování a algoritmizace (LEGO roboti);NG1;Pavlína Horáčková;;;;
16;VY_32_INOVACE_ICT0116;;Výpis textu;pracovní list;30.3.2013;;;ICT;Programování a algoritmizace (LEGO roboti);NG1;Pavlína Horáčková;;;;
17;VY_32_INOVACE_ICT0117;;Generování zvuku;pracovní list;30.3.2013;;;ICT;Programování a algoritmizace (LEGO roboti);NG1;Pavlína Horáčková;;;;
18;VY_32_INOVACE_ICT0118;;Vlastní příkazové moduly;pracovní list;30.3.2013;;;ICT;Programování a algoritmizace (LEGO roboti);NG1;Pavlína Horáčková;;;;
19;VY_32_INOVACE_ICT0119;;Detekce objektu;pracovní list;30.3.2013;;;ICT;Programování a algoritmizace (LEGO roboti);NG1;Pavlína Horáčková;;;;
20;VY_32_INOVACE_ICT0120;;Přeprava objektu;pracovní list;30.3.2013;;;ICT;Programování a algoritmizace (LEGO roboti);NG1;Pavlína Horáčková;;0;0;
1;VY_32_INOVACE_Z0101;ppt;Biosféra - flóra;prezentace;15.1.2013;7.1.2013;1.A;Zeměpis;Přírodní zóny Země, světové obyvatelstvo;VG1;Milan Kratochvíl;;1;1;
2;VY_32_INOVACE_Z0102;ppt;Biosféra - fauna;prezentace;15.1.2013;14.1.2013;1.A;Zeměpis;Přírodní zóny Země, světové obyvatelstvo;VG1;Milan Kratochvíl;;;;
3;VY_32_INOVACE_Z0103;doc;Biosféra - flóra a fauna;pracovní list;28.2.2013;28.2.2013;1.A;Zeměpis;Přírodní zóny Země, světové obyvatelstvo;VG1;Milan Kratochvíl;;;;
4;VY_32_INOVACE_Z0104;ppt;Tropický pás;prezentace;31.1.2013;21.1.2013;1.A;Zeměpis;Přírodní zóny Země, světové obyvatelstvo;VG1;Milan Kratochvíl;;;;
5;VY_32_INOVACE_Z0105;ppt;Vlhké tropy;prezentace;31.1.2013;24.1.2013;1.A;Zeměpis;Přírodní zóny Země, světové obyvatelstvo;VG1;Milan Kratochvíl;;;;
6;VY_32_INOVACE_Z0106;ppt;Střídavě vlhké tropy;prezentace;31.1.2013;28.1.2013;1.A;Zeměpis;Přírodní zóny Země, světové obyvatelstvo;VG1;Milan Kratochvíl;;;;
7;VY_32_INOVACE_Z0107;ppt;Pouště tropů a subtropů;prezentace;15.2.2013;4.2.2013;1.A;Zeměpis;Přírodní zóny Země, světové obyvatelstvo;VG1;Milan Kratochvíl;;;;
8;VY_32_INOVACE_Z0108;ppt;Problémy tropických oblastí;prezentace;15.2.2013;7.2.2013;1.A;Zeměpis;Přírodní zóny Země, světové obyvatelstvo;VG1;Milan Kratochvíl;;;;
9;VY_32_INOVACE_Z0109;doc;Tropy;pracovní list;15.2.2013;11.2.2013;1.A;Zeměpis;Přírodní zóny Země, světové obyvatelstvo;VG1;Milan Kratochvíl;;;;
10;VY_32_INOVACE_Z0110;ppt;Subtropy s obdobím zimních dešťů;prezentace;28.2.2013;13.2.2013;1.A;Zeměpis;Přírodní zóny Země, světové obyvatelstvo;VG1;Milan Kratochvíl;;;;
11;VY_32_INOVACE_Z0111;ppt;Subtropy s obdobím letních dešťů;prezentace;28.2.2013;14.2.2013;1.A;Zeměpis;Přírodní zóny Země, světové obyvatelstvo;VG1;Milan Kratochvíl;;;;
12;VY_32_INOVACE_Z0112;doc;Subtropy;pracovní list;28.2.2013;25.2.2013;1.A;Zeměpis;Přírodní zóny Země, světové obyvatelstvo;VG1;Milan Kratochvíl;;;;
13;VY_32_INOVACE_Z0113;ppt;Pouště a stepi mírného pásu;prezentace;15.3.2013;27.2.2013;1.A;Zeměpis;Přírodní zóny Země, světové obyvatelstvo;VG1;Milan Kratochvíl;;;;
14;VY_32_INOVACE_Z0114;ppt;Lesy mírných šířek;prezentace;15.3.2013;4.3.2013;1.A;Zeměpis;Přírodní zóny Země, světové obyvatelstvo;VG1;Milan Kratochvíl;;;;
15;VY_32_INOVACE_Z0115;ppt;Subpolární a polární oblasti;prezentace;15.3.2013;7.3.2013;1.A;Zeměpis;Přírodní zóny Země, světové obyvatelstvo;VG1;Milan Kratochvíl;;;;
16;VY_32_INOVACE_Z0116;doc;Mírný, subpolární a polární pás;pracovní list;15.3.2013;18.3.2013;1.A;Zeměpis;Přírodní zóny Země, světové obyvatelstvo;VG1;Milan Kratochvíl;;;;
17;VY_32_INOVACE_Z0117;ppt;Světové obyvatelstvo - rozmístění,migrace;prezentace;31.3.2013;20.3.2013;1.A;Zeměpis;Přírodní zóny Země, světové obyvatelstvo;VG1;Milan Kratochvíl;;;;
18;VY_32_INOVACE_Z0118;doc;Světové obyvatelstvo - rozmístění,migrace;pracovní list;31.3.2013;21.3.2013;1.A;Zeměpis;Přírodní zóny Země, světové obyvatelstvo;VG1;Milan Kratochvíl;;;;
19;VY_32_INOVACE_Z0119;ppt;Světové obyvatelstvo - rasy, národy;prezentace;31.3.2013;25.3.2013;1.A;Zeměpis;Přírodní zóny Země, světové obyvatelstvo;VG1;Milan Kratochvíl;;;;
20;VY_32_INOVACE_Z0120;doc;Světové obyvatelstvo - rasy, národy;pracovní list;31.3.2013;27.3.2013;1.A;Zeměpis;Přírodní zóny Země, světové obyvatelstvo;VG1;Milan Kratochvíl;;;0;
1;VY_32_INOVACE_Z0201;;ČR - poloha, rozloha, přírodní nej;prezentace;;;;Zeměpis;XXX;;Zdeněk Zimmermann;;;1;
2;VY_32_INOVACE_Z0202;;ČR - geologie, geomorfologie;prezentace;;;;Zeměpis;XXX;;Zdeněk Zimmermann;;;;
3;VY_32_INOVACE_Z0203;;ČR - podnebí, vodstvo;prezentace;;;;Zeměpis;XXX;;Zdeněk Zimmermann;;;;
4;VY_32_INOVACE_Z0204;;ĆR - půdy, ochrana přírody, rostl, živoč.;prezentace;;;;Zeměpis;XXX;;Zdeněk Zimmermann;;;;
5;VY_32_INOVACE_Z0205;;ČR - souhrnné  opakoavání I. - IV. části;pracovní list;;;;Zeměpis;XXX;;Zdeněk Zimmermann;;;;
6;VY_32_INOVACE_Z0206;;ČR - obyvatelstvo;prezentace;;;;Zeměpis;XXX;;Zdeněk Zimmermann;;;;
7;VY_32_INOVACE_Z0207;;ČR - Hospodářství I.;prezentace;;;;Zeměpis;XXX;;Zdeněk Zimmermann;;;;
8;VY_32_INOVACE_Z0208;;ČR - Hospodářství II.;prezentace;;;;Zeměpis;XXX;;Zdeněk Zimmermann;;;;
9;VY_32_INOVACE_Z0209;;ČR - Zemědělství;prezentace;;;;Zeměpis;XXX;;Zdeněk Zimmermann;;;;
10;VY_32_INOVACE_Z0210;;ČR - Doprava;prezentace;;;;Zeměpis;XXX;;Zdeněk Zimmermann;;;;
11;VY_32_INOVACE_Z0211;;ČR -  Služby,cestovní ruch,;prezentace;;;;Zeměpis;XXX;;Zdeněk Zimmermann;;;;
12;VY_32_INOVACE_Z0212;;ČR - souhrnné  opakoavání VI.. - XI. části;pracovní list;;;;Zeměpis;XXX;;Zdeněk Zimmermann;;;;
13;VY_32_INOVACE_Z0213;;ČR - Oblasti ČR, Praha, Středočeský kraj;prezentace;;;;Zeměpis;XXX;;Zdeněk Zimmermann;;;;
14;VY_32_INOVACE_Z0214;;ČR - Oblasti ČR, Jihočeský a Plzeňský kraj;prezentace;;;;Zeměpis;XXX;;Zdeněk Zimmermann;;;;
15;VY_32_INOVACE_Z0215;;ČR - Oblasti ČR, Karlovarský a Ústecký kraj;prezentace;;;;Zeměpis;XXX;;Zdeněk Zimmermann;;;;
16;VY_32_INOVACE_Z0216;;ČR - Oblasti ČR, Liberecký a Královehr. kraj;prezentace;;;;Zeměpis;XXX;;Zdeněk Zimmermann;;;;
17;VY_32_INOVACE_Z0217;;ČR - Oblasti ČR, Pardubický a kraj Vysočina;prezentace;;;;Zeměpis;XXX;;Zdeněk Zimmermann;;;;
18;VY_32_INOVACE_Z0218;;ČR - Oblasti ČR,  a Zlínský kraj;prezentace;;;;Zeměpis;XXX;;Zdeněk Zimmermann;;;;
19;VY_32_INOVACE_Z0219;;CR - Oblasti ČR, Moravskoslezský a Olom. kraj;prezentace;;;;Zeměpis;XXX;;Zdeněk Zimmermann;;;;
20;VY_32_INOVACE_Z0220;;ČR - souhrnné opakování XIII. a  IXX. části;pracovní list;;;;Zeměpis;XXX;;Zdeněk Zimmermann;;0;0;
1;VY_32_INOVACE_ZSV0101;pptx;Menšiny žijící v ČR - Číňané;prezentace;28.2.2013;17.12.2012;6.A;Základy společenských věd;Sociologie;VG2;Michaela Osladilová;;1;1;
2;VY_32_INOVACE_ZSV0102;pptx;Menšiny žijící v ČR - Mongolové;prezentace;28.2.2013;14.1.2013;6.A;Základy společenských věd;Sociologie;VG2;Michaela Osladilová;;;;
3;VY_32_INOVACE_ZSV0103;pptx;Menšiny žijící v ČR - Rusové;prezentace;28.2.2013;23.1.2013;6.A;Základy společenských věd;Sociologie;VG2;Michaela Osladilová;;;;
4;VY_32_INOVACE_ZSV0104;pptx;Menšiny žijící v ČR - Vietnamci;prezentace;28.2.2013;9.1.2013;6.A;Základy společenských věd;Sociologie;VG2;Michaela Osladilová;;;;
5;VY_32_INOVACE_ZSV0105;pptx;Menšiny žijící v ČR - Romové;prezentace;28.2.2013;21.1.2013;6.A;Základy společenských věd;Sociologie;VG2;Michaela Osladilová;;;;
6;VY_32_INOVACE_ZSV0106;pptx;Menšiny žijící v ČR – obyvatelé Zakavkazska;prezentace;28.2.2013;28.11.2012;6.A;Základy společenských věd;Sociologie;VG2;Michaela Osladilová;;;;
7;VY_32_INOVACE_ZSV0107;pptx;Menšiny žijící v ČR - Ukrajinci;prezentace;28.2.2013;16.1.2013;6.A;Základy společenských věd;Sociologie;VG2;Michaela Osladilová;;;;
8;VY_32_INOVACE_ZSV0108;pptx;Legální drogy;prezentace;28.2.2013;18.2.2013;6.A;Základy společenských věd;Sociologie;VG2;Michaela Osladilová;;;;
9;VY_32_INOVACE_ZSV0109;pptx;Ilegální drogy;prezentace;28.2.2013;25.2.2013;6.A;Základy společenských věd;Sociologie;VG2;Michaela Osladilová;;;;
10;VY_32_INOVACE_ZSV0110;pptx;Homosexualita;prezentace;28.2.2013;4.2.2013;6.A;Základy společenských věd;Sociologie;VG2;Michaela Osladilová;;;;
11;VY_32_INOVACE_ZSV0111;pptx;Genderová problematika;prezentace;28.2.2013;28.1.2013;6.A;Základy společenských věd;Sociologie;VG2;Michaela Osladilová;;;;
12;VY_32_INOVACE_ZSV0112;pptx;Domácí násilí;prezentace;28.2.2013;11.2.2013;6.A;Základy společenských věd;Sociologie;VG2;Michaela Osladilová;;;;
13;VY_32_INOVACE_ZSV0113;pptx;Vlčí děti;prezentace;28.2.2013;26.9.2012;6.A;Základy společenských věd;Sociologie;VG2;Michaela Osladilová;;;;
14;VY_32_INOVACE_ZSV0114;pptx;Sociální komunikace;prezentace;28.2.2013;1.10.2012;6.A;Základy společenských věd;Sociologie;VG2;Michaela Osladilová;;;;
15;VY_32_INOVACE_ZSV0115;pptx;Kultura;prezentace;28.2.2013;24.10.2012;6.A;Základy společenských věd;Sociologie;VG2;Michaela Osladilová;;;;
16;VY_32_INOVACE_ZSV0116;pptx;Životní cyklus;prezentace;28.2.2013;7.11.2012;6.A;Základy společenských věd;Sociologie;VG2;Michaela Osladilová;;;;
17;VY_32_INOVACE_ZSV0117;pptx;Sociální skupiny;prezentace;28.2.2013;10.10.2012;6.A;Základy společenských věd;Sociologie;VG2;Michaela Osladilová;;;;
18;VY_32_INOVACE_ZSV0118;pptx;Netolerance, xenofobie, rasismus;prezentace;28.2.2013;19.11.2012;6.A;Základy společenských věd;Sociologie;VG2;Michaela Osladilová;;;;
19;VY_32_INOVACE_ZSV0119;pptx;Teorie primárních skupin;prezentace;28.2.2013;15.10.2012;6.A;Základy společenských věd;Sociologie;VG2;Michaela Osladilová;;;;
20;VY_32_INOVACE_ZSV0120;pptx;Teorie referenčních skupin;prezentace;28.2.2013;22.10.2012;6.A;Základy společenských věd;Sociologie;VG2;Michaela Osladilová;;;0;
1;VY_32_INOVACE_ZSV0201;pptx;Ekonomické statky a služby;prezentace;30.4.2013;27.3.2013;6.A;Základy společenských věd;Ekonomie;VG2;Michaela Osladilová;;;1;
2;VY_32_INOVACE_ZSV0202;pptx;Peníze;prezentace;30.4.2013;4.3.2013;6.A;Základy společenských věd;Ekonomie;VG2;Michaela Osladilová;;;;
3;VY_32_INOVACE_ZSV0203;pptx;Základní tržní kategorie - nabídka;prezentace;30.4.2013;18.3.2013;6.A;Základy společenských věd;Ekonomie;VG2;Michaela Osladilová;;;;
4;VY_32_INOVACE_ZSV0204;pptx;Základní tržní kategorie - poptávka;prezentace;30.4.2013;18.3.2013;6.A;Základy společenských věd;Ekonomie;VG2;Michaela Osladilová;;;;
5;VY_32_INOVACE_ZSV0205;pptx;Základní tržní kategorie - cena;prezentace;30.4.2013;18.3.2013;6.A;Základy společenských věd;Ekonomie;VG2;Michaela Osladilová;;;;
6;VY_32_INOVACE_ZSV0206;pptx;Základní tržní kategorie - konkurence;prezentace;30.4.2013;18.3.2013;6.A;Základy společenských věd;Ekonomie;VG2;Michaela Osladilová;;;;
7;VY_32_INOVACE_ZSV0207;pptx;Bankovní soustava;prezentace;30.4.2013;3.4.2013;6.A;Základy společenských věd;Ekonomie;VG2;Michaela Osladilová;;;;
8;VY_32_INOVACE_ZSV0208;pptx;Česká národní banka;prezentace;30.4.2013;3.4.2013;6.A;Základy společenských věd;Ekonomie;VG2;Michaela Osladilová;;;;
9;VY_32_INOVACE_ZSV0209;pptx;Burza;prezentace;30.4.2013;8.4.2013;6.A;Základy společenských věd;Ekonomie;VG2;Michaela Osladilová;;;;
10;VY_32_INOVACE_ZSV0210;pptx;Práce;prezentace;30.4.2013;15.4.2013;6.A;Základy společenských věd;Ekonomie;VG2;Michaela Osladilová;;;;
11;VY_32_INOVACE_ZSV0211;pptx;Nezaměstnanost;prezentace;30.4.2013;15.4.2013;6.A;Základy společenských věd;Ekonomie;VG2;Michaela Osladilová;;;;
12;VY_32_INOVACE_ZSV0212;pptx;Státní rozpočet;prezentace;30.4.2013;29.4.2013;6.A;Základy společenských věd;Ekonomie;VG2;Michaela Osladilová;;;;
13;VY_32_INOVACE_ZSV0213;pptx;Daně;prezentace;30.4.2013;13.5.2013;6.A;Základy společenských věd;Ekonomie;VG2;Michaela Osladilová;;;;
14;VY_32_INOVACE_ZSV0214;pptx;Daň z přidané hodnoty;prezentace;30.4.2013;13.5.2013;6.A;Základy společenských věd;Ekonomie;VG2;Michaela Osladilová;;;;
15;VY_32_INOVACE_ZSV0215;pptx;Osobní finance - přebytek volných finančních prostředků;prezentace;30.4.2013;25.3.2013;6.A;Základy společenských věd;Ekonomie;VG2;Michaela Osladilová;;;;
16;VY_32_INOVACE_ZSV0216;pptx;Osobní finance - nedostatek volných finančních prostředků;prezentace;30.4.2013;25.3.2013;6.A;Základy společenských věd;Ekonomie;VG2;Michaela Osladilová;;;;
17;VY_32_INOVACE_ZSV0217;pptx;Inflace;prezentace;30.4.2013;26.3.2013;6.A;Základy společenských věd;Ekonomie;VG2;Michaela Osladilová;;;;
18;VY_32_INOVACE_ZSV0218;pptx;Podnikání;prezentace;30.4.2013;17.4.2013;6.A;Základy společenských věd;Ekonomie;VG2;Michaela Osladilová;;;;
19;VY_32_INOVACE_ZSV0219;pptx;Výzmamní čestí ekonomové;prezentace;30.4.2013;10.6.2013;2.A;Základy společenských věd;Ekonomie;VG2;Michaela Osladilová;;;;
20;VY_32_INOVACE_ZSV0220;pptx;Evropská unie - symboly;prezentace;30.4.2013;12.6.2013;2.A;Základy společenských věd;Ekonomie;VG2;Michaela Osladilová;;;0;
1;VY_32_INOVACE_ZSV0301;pptx;Úvod do filozofie;prezentace;7.9.2012;7.9.2012;4.A;Základy společenských věd;Filozofie;VG 4/8;Radka Strašilová;;;1;
2;VY_32_INOVACE_ZSV0302;pptx;Základní filozofická otázka;prezentace;17.9.2012;17.9.2012;4.A;Základy společenských věd;Filozofie;VG 4/8;Radka Strašilová;;;;
3;VY_32_INOVACE_ZSV0303;pptx;Antická filozofie - úvod;prezentace;19.9.2012;19.9.2012;4.A;Základy společenských věd;Filozofie;VG 4/8;Radka Strašilová;;;;
4;VY_32_INOVACE_ZSV0304;pptx;Předsókratovské období antické filozofie;prezentace;"21.9;1.10.2012";1.10.2012;4.A;Základy společenských věd;Filozofie;VG 4/8;Radka Strašilová;;;;
5;VY_32_INOVACE_ZSV0305;pptx;Sókratovské období antické filozofie;prezentace;5.10.2012;5.10.2012;4.A;Základy společenských věd;Filozofie;VG 4/8;Radka Strašilová;;;;
6;VY_32_INOVACE_ZSV0306;pptx;Sókratés;prezentace;8.10.2012;8.10.2012;4.A;Základy společenských věd;Filozofie;VG 4/8;Radka Strašilová;;;;
7;VY_32_INOVACE_ZSV0307;pptx;Platón - život, ontologie;prezentace;22.10.2012;22.10.2012;4.A;Základy společenských věd;Filozofie;VG 4/8;Radka Strašilová;;;;
8;VY_32_INOVACE_ZSV0308;pptx;Platón – nauka o duši, gnoseologie, politologie;prezentace;29.10.2012;29.10.2012;4.A;Základy společenských věd;Filozofie;VG 4/8;Radka Strašilová;;;;
9;VY_32_INOVACE_ZSV0309;pptx;Aristotelés;prezentace;"2. 11.; 5. 11.; 7.11.2012";7.11.2012;4.A;Základy společenských věd;Filozofie;VG 4/8;Radka Strašilová;;;;
10;VY_32_INOVACE_ZSV0310;pptx;Aristotelés - etika, význam, opakování;prezentace;12.11.2012;12.11.2012;4.A;Základy společenských věd;Filozofie;VG 4/8;Radka Strašilová;;;;
11;VY_32_INOVACE_ZSV0311;pptx;Posókratovské období antické filozofie - úvod, stoicismus;prezentace;19.11.2012;19.11.2012;4.A;Základy společenských věd;Filozofie;VG 4/8;Radka Strašilová;;;;
12;VY_32_INOVACE_ZSV0312;pptx;Epikureismus;prezentace;21.11.2012;21.11.2012;4.A;Základy společenských věd;Filozofie;VG 4/8;Radka Strašilová;;;;
13;VY_32_INOVACE_ZSV0313;pptx;Filozofie středověku - úvod, periodizace;prezentace;3.12.2012;3.12.2012;4.A;Základy společenských věd;Filozofie;VG 4/8;Radka Strašilová;;;;
14;VY_32_INOVACE_ZSV0314;pptx;Patristika;prezentace;12.12.2012;12.12.2013;4.A;Základy společenských věd;Filozofie;VG 4/8;Radka Strašilová;;;;
15;VY_32_INOVACE_ZSV0315;pptx;Scholastika, vliv arabské filozofie;prezentace;"9. 1.;14.1.2013";14.1.2013;4.A;Základy společenských věd;Filozofie;VG 4/8;Radka Strašilová;;;;
16;VY_32_INOVACE_ZSV0316;pptx;Reformace, novověká filozofie - počátky, periodizace;prezentace;6.2.2013;6.2.2013;4.A;Základy společenských věd;Filozofie;VG 4/8;Radka Strašilová;;;;
17;VY_32_INOVACE_ZSV0317;pptx;Racionalismus;prezentace;15.2.2013;15.2.2013;4.A;Základy společenských věd;Filozofie;VG 4/8;Radka Strašilová;;;;
18;VY_32_INOVACE_ZSV0318;pptx;Empirismus;prezentace;25.2.2013;25.2.2013;4.A;Základy společenských věd;Filozofie;VG 4/8;Radka Strašilová;;;;
19;VY_32_INOVACE_ZSV0319;pptx;Immanuel Kant;prezentace;25.3.2013;25.3.2013;4.A;Základy společenských věd;Filozofie;VG 4/8;Radka Strašilová;;;;
20;VY_32_INOVACE_ZSV0320;pptx;Německý idealismus;prezentace;27.3.2013;27.3.2013;4.A;Základy společenských věd;Filozofie;VG 4/8;Radka Strašilová;;;0;
1;VY_32_INOVACE_ZSV0401;pptx;Ideologie;prezentace;13.3.2013;26.3.2013;SZSV8/1;Základy společenských věd;Politologie;VG4-S;Hana Mikušková;;;1;
2;VY_32_INOVACE_ZSV0402;pptx;Státní symboly;prezentace;6.3.2013;19.3.2013;SZSV8/1;Základy společenských věd;Politologie;VG4-S;Hana Mikušková;;;;
3;VY_32_INOVACE_ZSV0403;pptx;Feminizmus;prezentace;28.2.2013;27.3.2013;SZSV8/1;Základy společenských věd;Politologie;VG4-S;Hana Mikušková;;;;
4;VY_32_INOVACE_ZSV0404;pptx;Občanská společnost;prezentace;10.3.2013;19.3.2013;SZSV8/1;Základy společenských věd;Politologie;VG4-S;Hana Mikušková;;;;
5;VY_32_INOVACE_ZSV0405;pptx;Politika;prezentace;4.3.2013;7.3.2013;SZSV8/1;Základy společenských věd;Politologie;VG4-S;Hana Mikušková;;;;
6;VY_32_INOVACE_ZSV0406;pptx;Liberalizmus;prezentace;28.2.2013;27.3.2013;SZSV8/1;Základy společenských věd;Politologie;VG4-S;Hana Mikušková;;;;
7;VY_32_INOVACE_ZSV0407;pptx;Charta 77;prezentace;14.3.2013;26.3.2013;SZSV8/1;Základy společenských věd;Politologie;VG4-S;Hana Mikušková;;;;
8;VY_32_INOVACE_ZSV0408;pptx;Demokracie;prezentace;6.3.2013;19.3.2013;SZSV8/1;Základy společenských věd;Politologie;VG4-S;Hana Mikušková;;;;
9;VY_32_INOVACE_ZSV0409;pptx;Pol. strany, pol. pluralizmus, volby;prezentace;28.2.2013;19.3.2013;SZSV8/1;Základy společenských věd;Politologie;VG4-S;Hana Mikušková;;;;
10;VY_32_INOVACE_ZSV0410;doc;Listina základních práv a svobod;test;14.3.2013;25.3.2013;SZSV8/1;Základy společenských věd;Politologie;VG4-S;Hana Mikušková;;;;
11;VY_32_INOVACE_ZSV0411;doc;Ústava ČR;test;28.2.2013;9.4.2013;SZSV8/1;Základy společenských věd;Politologie;VG4-S;Hana Mikušková;;;;
12;VY_32_INOVACE_ZSV0412;pptx;Machiavelli;prezentace;28.2.2013;24.4.2013;SZSV8/1;Základy společenských věd;Politologie;VG4-S;Hana Mikušková;;;;
13;VY_32_INOVACE_ZSV0413;pptx;Základní zákon státu;prezentace;28.2.2013;16.4.2013;SZSV8/1;Základy společenských věd;Politologie;VG4-S;Hana Mikušková;;;;
14;VY_32_INOVACE_ZSV0414;doc;Státověda;test;28.2.2013;24.4.2013;SZSV8/1;Základy společenských věd;Politologie;VG4-S;Hana Mikušková;;;;
15;VY_32_INOVACE_ZSV0415;pptx;Eurozóna;prezentace;28.2.2013;25.4.2013;SZSV8/1;Základy společenských věd;Politologie;VG4-S;Hana Mikušková;;;;
16;VY_32_INOVACE_ZSV0416;pptx;Historie EU;prezentace;28.2.2013;25.4.2013;SZSV8/1;Základy společenských věd;Politologie;VG4-S;Hana Mikušková;;;;
17;VY_32_INOVACE_ZSV0417;pptx;Orgány EU;prezentace;28.2.2013;25.4.2013;SZSV8/1;Základy společenských věd;Politologie;VG4-S;Hana Mikušková;;;;
18;VY_32_INOVACE_ZSV0418;pptx;Mezinárodní vztahy;prezentace;28.2.2013;16.4.2013;SZSV8/1;Základy společenských věd;Politologie;VG4-S;Hana Mikušková;;;;
19;VY_32_INOVACE_ZSV0419;pptx;Rasizmus;prezentace;28.2.2013;4.4.2013;SZSV8/1;Základy společenských věd;Politologie;VG4-S;Hana Mikušková;;;;
20;VY_32_INOVACE_ZSV0420;pptx;Socializmus a komunizmus;prezentace;28.2.2013;9.4.2013;SZSV8/1;Základy společenských věd;Politologie;VG4-S;Hana Mikušková;;;0;
1;VY_32_INOVACE_ZSV0501;;Podstata religionistiky;prezentace;31.5.2013;;;Základy společenských věd;Religionistika;VG1;Hana Mikušková;;;1;
2;VY_32_INOVACE_ZSV0502;;Terminologie religionistiky;prezentace;31.5.2013;;;Základy společenských věd;Religionistika;VG1;Hana Mikušková;;;;
3;VY_32_INOVACE_ZSV0503;;Světová náboženství;test;31.5.2013;;;Základy společenských věd;Religionistika;VG1;Hana Mikušková;;;;
4;VY_32_INOVACE_ZSV0504;;křesťanské svátky;prezentace;31.5.2013;;;Základy společenských věd;Religionistika;VG1;Hana Mikušková;;;;
5;VY_32_INOVACE_ZSV0505;;Učedníci Kristovi;prezentace;31.5.2013;;;Základy společenských věd;Religionistika;VG1;Hana Mikušková;;;;
6;VY_32_INOVACE_ZSV0506;;Ježíšův životopis;test;31.5.2013;;;Základy společenských věd;Religionistika;VG1;Hana Mikušková;;;;
7;VY_32_INOVACE_ZSV0507;;Církevní řády;prezentace;31.5.2013;;;Základy společenských věd;Religionistika;VG1;Hana Mikušková;;;;
8;VY_32_INOVACE_ZSV0508;;Světci a světice;prezentace;31.5.2013;;;Základy společenských věd;Religionistika;VG1;Hana Mikušková;;;;
9;VY_32_INOVACE_ZSV0509;;Islám;test;31.5.2013;;;Základy společenských věd;Religionistika;VG1;Hana Mikušková;;;;
10;VY_32_INOVACE_ZSV0510;;pět sloupů víry;prezentace;31.5.2013;;;Základy společenských věd;Religionistika;VG1;Hana Mikušková;;;;
11;VY_32_INOVACE_ZSV0511;;Mohammad;prezentace;31.5.2013;;;Základy společenských věd;Religionistika;VG1;Hana Mikušková;;;;
12;VY_32_INOVACE_ZSV0512;;Islámské tradice;prezentace;31.5.2013;;;Základy společenských věd;Religionistika;VG1;Hana Mikušková;;;;
13;VY_32_INOVACE_ZSV0513;;Sidhártha Gautama;prezentace;31.5.2013;;;Základy společenských věd;Religionistika;VG1;Hana Mikušková;;;;
14;VY_32_INOVACE_ZSV0514;;Tibetský buddhizmus;prezentace;31.5.2013;;;Základy společenských věd;Religionistika;VG1;Hana Mikušková;;;;
15;VY_32_INOVACE_ZSV0515;;Vývojové etapy hinduizmu;prezentace;31.5.2013;;;Základy společenských věd;Religionistika;VG1;Hana Mikušková;;;;
16;VY_32_INOVACE_ZSV0516;;Hinduistický pantheon;prezentace;31.5.2013;;;Základy společenských věd;Religionistika;VG1;Hana Mikušková;;;;
17;VY_32_INOVACE_ZSV0517;;Mahátma Gándhí;prezentace;31.5.2013;;;Základy společenských věd;Religionistika;VG1;Hana Mikušková;;;;
18;VY_32_INOVACE_ZSV0518;;Hinduistická etika;prezentace;31.5.2013;;;Základy společenských věd;Religionistika;VG1;Hana Mikušková;;;;
19;VY_32_INOVACE_ZSV0519;;Typy sekt;prezentace;31.5.2013;;;Základy společenských věd;Religionistika;VG1;Hana Mikušková;;;;
20;VY_32_INOVACE_ZSV0520;;Znaky sekt;prezentace;31.5.2013;;;Základy společenských věd;Religionistika;VG1;Hana Mikušková;;0;0;
;;;;;;;;;;;;;;;
;;;;;;;;;;;;;;;
;;;;;;;;;;;;;;;
;;;;;;;;;;;;;;;
;;;;;;;;;;;;;;;
;;;;;;;;;;;;;;;
;;;;;;;;;;;;;;;
;;;;;;;;;;;;;;;
;;;;;;;;;;;;;;;
;;;;;;;;;;;;;;;
;;;;;;;;;;;;;;;
;;;;;;;;;;;;;;;
;;;;;;;;;;;;;;;
;;;;;;;;;;;;;;;
;;;;;;;;;;;;;;;
;;;;;;;;;;;;;;;
;;;;;;;;;;;;;;;
;;;;;;;;;;;;;;;
;;;;;;;;;;;;;;;
;;;;;;;;;;;;;;;
