"Name";"Surname";"Subject";"Note"
"Name 1";"Surname 1";"Subject 1";"Note 1"
"Name 1";"Surname 1";"Subject 2";"Note 2"
"Name 1";"Surname 1";"Subject 3";"Note 3"
"Name 1";"Surname 1";"Subject 4";"Note 4"
"Name 2";"Surname 2";"Subject 5";"Note 5"
"Name 2";"Surname 2";"Subject 6";"Note 6"
"Name 2";"Surname 2";"Subject 7";"Note 7"
"Name 2";"Surname 2";"Subject 8";"Note 8"
"Name 2";"Surname 2";"Subject 9";"Note 9"
"Name 3";"Surname 3";"Subject 10";"Note 10"
"Name 3";"Surname 3";"Subject 11";"Note 11"
"Name 3";"Surname 3";"Subject 12";"Note 12"
"Name 3";"Surname 3";"Subject 13";"Note 13"
"Name 3";"Surname 3";"Subject 14";"Note 14"
"Name 4";"Surname 4";"Subject 15";"Note 15"
"Name 4";"Surname 4";"Subject 16";"Note 16"
"Name 4";"Surname 4";"Subject 17";"Note 17"
"Name 4";"Surname 4";"Subject 18";"Note 18"
"Name 4";"Surname 4";"Subject 19";"Note 19"
"Name 4";"Surname 4";"Subject 20";"Note 20"
"Name 4";"Surname 4";"Subject 21";"Note 21"
"Name 4";"Surname 4";"Subject 22";"Note 22"
"Name 4";"Surname 4";"Subject 23";"Note 23"
"Name 4";"Surname 4";"Subject 24";"Note 24"
"Name 4";"Surname 4";"Subject 25";"Note 25"
"Name 4";"Surname 4";"Subject 26";"Note 26"
"Name 5";"Surname 5";"Subject 27";"Note 27"
"Name 5";"Surname 5";"Subject 28";"Note 28"
"Name 5";"Surname 5";"Subject 29";"Note 29"
"Name 5";"Surname 5";"Subject 30";"Note 30"
"Name 5";"Surname 5";"Subject 31";"Note 31"
"Name 5";"Surname 5";"Subject 32";"Note 32"
